opes_id	ser_vol	editor	year	pg_no	photo	sb	corrections	preferred_citation	ddbdp_pmichcitation	ddbdp_omichcitation	ddbdp_p_rep	ddbdp_o_rep
1	P.Oslo I	Eitrem S-Amundsen L	1931	47	Pl. V		Wilcken U, APF 10 (1932) p. 86 (l. 15)Schmidt KFW, Göttingische gelehrte Anzeigen 194 (1932) p. 283 (l. 5, 14)Ziegler R, ZPE 106 (1995) p. 194 (date)	Eitrem S-Amundsen L, P.Oslo I, 47, 1931, Pl. V -- Wilcken U, APF 10 (1932) p. 86 (l. 15)Schmidt KFW, Göttingische gelehrte Anzeigen 194 (1932) p. 283 (l. 5, 14)Ziegler R, ZPE 106 (1995) p. 194 (date)	p.oslo;2;47			"
2	P.Oslo II	Eitrem S-Amundsen L	1931	48			Wilckens U, APF 10 (1932) p. 86 (l. 14)Schmidt KFW, Göttingische gelehrte Anzeigen 194 (1932) p. 283 (l.5f., 14)	Eitrem S-Amundsen L, P.Oslo II, 48, 1931 -- Wilckens U, APF 10 (1932) p. 86 (l. 14)Schmidt KFW, Göttingische gelehrte Anzeigen 194 (1932) p. 283 (l.5f., 14)	p.oslo;2;48			"
3	P.Oslo II	Eitrem S-Amundsen L	1931	50			Schmidt KFW, Göttingische gelehrte Anzeigen 194 (1932) p. 284 (l.4f., 7f., 9f.)	Eitrem S-Amundsen L, P.Oslo II, 50, 1931 -- Schmidt KFW, Göttingische gelehrte Anzeigen 194 (1932) p. 284 (l.4f., 7f., 9f.)	p.oslo;2;50			"
4	SO 44	Eliassen M H de Kat	1969	152-157		SB X 10724		Eliassen M H de Kat, SO 44, 152-157, 1969 -- SB X 10724	SB:10:724			"
5	SO 44	Eliassen M H de Kat	1969	157-159		SB X 10725		Eliassen M H de Kat, SO 44, 157-159, 1969 -- SB X 10725	SB:10:725			"
6	SO 53	Eliassen M H de Kat	1978	104-105		SB XIV 12024		Eliassen M H de Kat, SO 53, 104-105, 1978 -- SB XIV 12024	SB:14:12024			"
7	SO 54	Forselv I L	1979	125-127		SB XVI 12547	Jördens A, SB 18 (1993) p. 483 (l. 7)Kruit N, BL 9 (1995) p. 286 (l. 7 ad Jördens)	Forselv I L, SO 54, 125-127, 1979 -- SB XVI 12547 -- Jördens A, SB 18 (1993) p. 483 (l. 7)Kruit N, BL 9 (1995) p. 286 (l. 7 ad Jördens)	SB:16:12547			"
8	SO 50	Eliassen M H de Kat	1975	81-83		SB XIV 11437	Hagedorn D, ZPE 68 (1987) p. 81 (l. 4, 9f., 13-14, 24)	Eliassen M H de Kat, SO 50, 81-83, 1975 -- SB XIV 11437 -- Hagedorn D, ZPE 68 (1987) p. 81 (l. 4, 9f., 13-14, 24)	SB:14:11437			"
9	SO 56	Eliassen M H de Kat	1981	103-104		SB XVI 12550	Daniel RW, ZPE 54 (1984) p. 85-86 (l. 8,10,13)van Minnen P, ? (l. 10)	Eliassen M H de Kat, SO 56, 103-104, 1981 -- SB XVI 12550 -- Daniel RW, ZPE 54 (1984) p. 85-86 (l. 8,10,13)van Minnen P, ? (l. 10)	SB:14:11437			"
10	Aegyptus 31	Eitrem S-Amundsen L	1951	177-179		SB VI 9120		Eitrem S-Amundsen L, Aegyptus 31, 177-179, 1951 -- SB VI 9120	SB:6:9120			"
11	Aegyptus 31	Eitrem S-Amundsen L	1951	170-181		SB VI 9121		Eitrem S-Amundsen L, Aegyptus 31, 170-181, 1951 -- SB VI 9121	SB:6:9121			"
12	Aegyptus 31	Eitrem S-Amundsen L	1951	181-183		SB VI 9122		Eitrem S-Amundsen L, Aegyptus 31, 181-183, 1951 -- SB VI 9122	SB:6:9122			"
13	P.Oslo II	Eitrem S-Amundsen L	1931	56			Schmidt KFW, Göttingische gelehrte Anzeigen 194 (1932) p. 285 (l. 4)	Eitrem S-Amundsen L, P.Oslo II, 56, 1931 -- Schmidt KFW, Göttingische gelehrte Anzeigen 194 (1932) p. 285 (l. 4)	p.oslo;2;56			"
14	P.Oslo II	Eitrem S-Amundsen L	1931	51			Schmidt KFW, Göttingische gelehrte Anzeigen 194 (1932) p. 284 (l. 4)Wilcken U, APF 10 (1932) p. 86 (l. 9f.)	Eitrem S-Amundsen L, P.Oslo II, 51, 1931 -- Schmidt KFW, Göttingische gelehrte Anzeigen 194 (1932) p. 284 (l. 4)Wilcken U, APF 10 (1932) p. 86 (l. 9f.)	p.oslo;2;51			"
15	P.Oslo II	Eitrem S-Amundsen L	1931	59			Preisendanz K, Philologische Wochenschrift 52 (1932) p. 231 (l. 5, 6, 10)Schmidt KFW, Göttingische gelehrte Anzeigen 194 (1932) p. 285-286 (l. 4, 5, 6, 10f., verso)Eitrem S- Amundsen L, P.Oslo III (1936) p. 276 (l.13)	Eitrem S-Amundsen L, P.Oslo II, 59, 1931 -- Preisendanz K, Philologische Wochenschrift 52 (1932) p. 231 (l. 5, 6, 10)Schmidt KFW, Göttingische gelehrte Anzeigen 194 (1932) p. 285-286 (l. 4, 5, 6, 10f., verso)Eitrem S- Amundsen L, P.Oslo III (1936) p. 276 (l.13)	p.oslo;2;59			"
16	P.Oslo II	Eitrem S-Amundsen L	1931	60				Eitrem S-Amundsen L, P.Oslo II, 60, 1931	p.oslo;2;60			"
17	P.Oslo II	Eitrem S-Amundsen L	1931	55				Eitrem S-Amundsen L, P.Oslo II, 55, 1931	p.oslo;2;55			"
18	P.Oslo II	Eitrem S-Amundsen L	1931	54				Eitrem S-Amundsen L, P.Oslo II, 54, 1931	p.oslo;2;54			"
19	P.Oslo III	Eitrem S-Amundsen L	1936	152			Eitrem S-Amundsen L, P.Oslo III, p. 279 (l. 4)Schmidt KFW, Philologische Wochenschrift 58 (1938) p. 303 (l. 5)	Eitrem S-Amundsen L, P.Oslo III, 152, 1936 -- Eitrem S-Amundsen L, P.Oslo III, p. 279 (l. 4)Schmidt KFW, Philologische Wochenschrift 58 (1938) p. 303 (l. 5)	p.oslo;3;152			"
20	SO 10	Amundsen L	1932	16-30				Amundsen L, SO 10, 16-30, 1932				"
21	P.Oslo III	Eitrem S-Amundsen-L	1936	148				Eitrem S-Amundsen-L, P.Oslo III, 148, 1936	p.oslo;3;148			"
22	P.Oslo III	Eitrem S-Amundsen-L	1936	149			Geraci G, Aegyptus 70 (1990) p. 106, n.38 (date)	Eitrem S-Amundsen-L, P.Oslo III, 149, 1936 -- Geraci G, Aegyptus 70 (1990) p. 106, n.38 (date)	p.oslo;3;149			"
23	P.Oslo II	Eitrem S-Amundsen L	1931	49			Preisendanz K, Philologische Wochenschrift 52 (1932) p. 232 (l. 7f.)Eitrem S-Amundsen L, P.Oslo III (1936) p. 276 (date)	Eitrem S-Amundsen L, P.Oslo II, 49, 1931 -- Preisendanz K, Philologische Wochenschrift 52 (1932) p. 232 (l. 7f.)Eitrem S-Amundsen L, P.Oslo III (1936) p. 276 (date)	p.oslo;2;49			"
24	P.Oslo II	Eitrem S-Amundsen L	1931	52			Schmidt, KFW, Göttingische gelehrte Anzeigen 194 (1932) p. 284 (l. 15, 17f.)Hagedorn D, ZPE 12 (1973) p. 280, n.13 (l. v 2)	Eitrem S-Amundsen L, P.Oslo II, 52, 1931 -- Schmidt, KFW, Göttingische gelehrte Anzeigen 194 (1932) p. 284 (l. 15, 17f.)Hagedorn D, ZPE 12 (1973) p. 280, n.13 (l. v 2)	p.oslo;2;52			"
25	P.Oslo II	Eiterem S-Amundsen L	1931	53			Olsson B, Indogermanische Forschungen 52 (1933) p. 155 (l. 6, 9)Preisendanz K, Philologische Wochenschrift 52 (1932) p. 231 (l. 10) Youtie HC, CP27 (1932) p. 91 (l.5/6)Amundsen L, P.Oslo III (1936) p. 276 (l. 6, 9, 10)	Eiterem S-Amundsen L, P.Oslo II, 53, 1931 -- Olsson B, Indogermanische Forschungen 52 (1933) p. 155 (l. 6, 9)Preisendanz K, Philologische Wochenschrift 52 (1932) p. 231 (l. 10) Youtie HC, CP27 (1932) p. 91 (l.5/6)Amundsen L, P.Oslo III (1936) p. 276 (l. 6, 9, 10)	p.oslo;2;53			"
26	P.Oslo II	Eitrem S-Amundsen L	1931	61			Preisendanz K, Philologische Wochenschrift 52 (1932) p. 233 (l. 9, 10)Eitrem S-Amundsen L, P.Oslo III (1936) p. 277 (l. 9)	Eitrem S-Amundsen L, P.Oslo II, 61, 1931 -- Preisendanz K, Philologische Wochenschrift 52 (1932) p. 233 (l. 9, 10)Eitrem S-Amundsen L, P.Oslo III (1936) p. 277 (l. 9)	p.oslo;2;61			"
27	P.Oslo II	Eitrem S-Amundsen L	1931	62			Wilcken U, APF 10 (1932) p. 86 (l. 9f.)Youtie HC, CP 27 (1932) p. 91 (l.12)Eitrem S-Amundsen L, P.Oslo III, 1936, p. 277 (Date)	Eitrem S-Amundsen L, P.Oslo II, 62, 1931 -- Wilcken U, APF 10 (1932) p. 86 (l. 9f.)Youtie HC, CP 27 (1932) p. 91 (l.12)Eitrem S-Amundsen L, P.Oslo III, 1936, p. 277 (Date)	p.oslo;2;62			"
28	P.Oslo III	Eitrem S-Amundsen L	1936	156	Pl. XIIa,b			Eitrem S-Amundsen L, P.Oslo III, 156, 1936, Pl. XIIa,b	p.oslo;3;156			"
29	P.Oslo II	Eitrem S-Amundsen L	1936	57			Wilcken U, APF 10 (1932) p. 86 (l. 3/4, 4)Rathbone DW, Economic rationalism and rural society (1991), p. 72 (date), p. 226-227 and n. 24 (l. 12/13)	Eitrem S-Amundsen L, P.Oslo II, 57, 1936 -- Wilcken U, APF 10 (1932) p. 86 (l. 3/4, 4)Rathbone DW, Economic rationalism and rural society (1991), p. 72 (date), p. 226-227 and n. 24 (l. 12/13)	p.oslo;2;57			"
30	Greek papyri in the Oslo collection	Tidemandsen P	1995	4-9				Tidemandsen P, Greek papyri in the Oslo collection, 4-9, 1995	p.oslo;2;57			"
31	Greek papyri in the Oslo collection	Tidemandsen P	1995	16-19				Tidemandsen P, Greek papyri in the Oslo collection, 16-19, 1995				"
32	Greek papyri in the Oslo collection	Tidemandsen P	1995	20-21				Tidemandsen P, Greek papyri in the Oslo collection, 20-21, 1995				"
33	SO 37	Traversa A	1961	107-108		SB VIII 9826		Traversa A, SO 37, 107-108, 1961 -- SB VIII 9826	SB:8:9826			"
34	O.Oslo	Amundsen L	1933	2			Hunt AS JEA 20 (1934) p. 125 (l.12)Zucker F, Gnomon 12 (1936) p. 669 (l. 12, 15f.)Peremanns W-van't Dack E, Studia Hellenistica 8 (1952) p. 252 (l. 9/10)	Amundsen L, O.Oslo, 2, 1933 -- Hunt AS JEA 20 (1934) p. 125 (l.12)Zucker F, Gnomon 12 (1936) p. 669 (l. 12, 15f.)Peremanns W-van't Dack E, Studia Hellenistica 8 (1952) p. 252 (l. 9/10)		O.Oslo:2		"
35	P.Oslo II	Eitrem, S-Amundsen L	1931	64	Pl. IX		Schubart W, Deutsche Litteraturzeitung 52 (1931) p. 1165 (l. 10, 11)Preisendanz K, Philologische Wochenschrift 52 (1932) p. 233 (l. 10-12)Schmidt KFW, Göttingische gelehrte Anzeigen 194 (1932) p. 286 (address)Olsson B, Indogermanische Forschungen 52 (1933) p. 155 (l. 2, 10)	Eitrem, S-Amundsen L, P.Oslo II, 64, 1931, Pl. IX -- Schubart W, Deutsche Litteraturzeitung 52 (1931) p. 1165 (l. 10, 11)Preisendanz K, Philologische Wochenschrift 52 (1932) p. 233 (l. 10-12)Schmidt KFW, Göttingische gelehrte Anzeigen 194 (1932) p. 286 (address)Olsson B, Indogermanische Forschungen 52 (1933) p. 155 (l. 2, 10)	p.oslo;2;64			"
36	P.Oslo III	Eitrem S-Amundsen L	1936	162			Bagnall R, Currency and inflation in fourth century Egypt (BASP Suppl. 5) (1985) p. 11-12 (date)	Eitrem S-Amundsen L, P.Oslo III, 162, 1936 -- Bagnall R, Currency and inflation in fourth century Egypt (BASP Suppl. 5) (1985) p. 11-12 (date)	p.oslo;3;162			"
37	P.Oslo III	Eitrem S-Amundsen L	1936	160				Eitrem S-Amundsen L, P.Oslo III, 160, 1936	p.oslo;3;160			"
38	P.Oslo III	Eitrem S-Amundsen L	1936	151			Geraci G, Aegyptus 51 (1971) p. 175 + n. 4 (origin)	Eitrem S-Amundsen L, P.Oslo III, 151, 1936 -- Geraci G, Aegyptus 51 (1971) p. 175 + n. 4 (origin)	p.oslo;3;151			"
39	P.Oslo III	Eitrem S-Amundsen L	1936	161			Pruneti P in: Antinoe cent' anni dopo (1998), p. 147, n. 8 (date)	Eitrem S-Amundsen L, P.Oslo III, 161, 1936 -- Pruneti P in: Antinoe cent' anni dopo (1998), p. 147, n. 8 (date)	p.oslo;3;161			"
40	SO 37	Traversa A	1961	130-131				Traversa A, SO 37, 130-131, 1961				"
41	P.Oslo I	Eitrem S	1925	2			Totti M, Ausgewählte Texte der Isis- und Serapis-Religion. Hildesheim 1985, p. 24 (no. 10)	Eitrem S, P.Oslo I, 2, 1925 -- Totti M, Ausgewählte Texte der Isis- und Serapis-Religion. Hildesheim 1985, p. 24 (no. 10)				"
42	P.Oslo I	Eitrem S	1925	3			O'Neil EN, in: Greek Magical Papyri in translation (1986) p. 278 (l. 1)Merkelbach/Totti in Abrasax I, 1990, p.117-118 ( l. 14)	Eitrem S, P.Oslo I, 3, 1925 -- O'Neil EN, in: Greek Magical Papyri in translation (1986) p. 278 (l. 1)Merkelbach/Totti in Abrasax I, 1990, p.117-118 ( l. 14)				"
43	P.Oslo I	Eitrem S	1925	4			Schmidt KFW, Göttingische gelehrte Anzeigen 189 (1927) p. 463 (l. 21)	Eitrem S, P.Oslo I, 4, 1925 -- Schmidt KFW, Göttingische gelehrte Anzeigen 189 (1927) p. 463 (l. 21)				"
44	Det Norske Videnskapsselskaps forhandlinger	Eitrem S-Fridrichsen F	1921	3-31		SB III 6584		Eitrem S-Fridrichsen F, Det Norske Videnskapsselskaps forhandlinger, 3-31, 1921 -- SB III 6584				"
45	P.Oslo I	Eitrem S	1925	6	P.Oslo II pl. 1c			Eitrem S, P.Oslo I, 6, 1925, P.Oslo II pl. 1c				"
46	P.Oslo II	Eitrem S-Amundsen L	1931	23	Pl. VIIb		Eitrem S-Amundsen L, P.Oslo II, 1931, p. 152 (l. 8)Preisendanz K, Philologische Wochenschrift 52 (1932) p. 231 (l. 9)Youtie HC, CP 27 (1932) p. 89 (l.17,18,19)Wilcken U, APF10 (1932) p. 84 (l. 11)Olsson B, Indogermanische Forschungen 52 (1933) p. 155 (l. 11)Eitrem S- Amundsen L, P.Oslo III ,1936, p. 275 (l. 9,17)Tomsin A, Choix de papyrus grecs, Liège 1968, no.19 (l. 7,11)Sijpesteijn PJ, ZPE 49 (1982) p. 106 (l. 17)Kramer B, ZPE 97 (1993), p.133 (l. 7) 	Eitrem S-Amundsen L, P.Oslo II, 23, 1931, Pl. VIIb -- Eitrem S-Amundsen L, P.Oslo II, 1931, p. 152 (l. 8)Preisendanz K, Philologische Wochenschrift 52 (1932) p. 231 (l. 9)Youtie HC, CP 27 (1932) p. 89 (l.17,18,19)Wilcken U, APF10 (1932) p. 84 (l. 11)Olsson B, Indogermanische Forschungen 52 (1933) p. 155 (l. 11)Eitrem S- Amundsen L, P.Oslo III ,1936, p. 275 (l. 9,17)Tomsin A, Choix de papyrus grecs, Liège 1968, no.19 (l. 7,11)Sijpesteijn PJ, ZPE 49 (1982) p. 106 (l. 17)Kramer B, ZPE 97 (1993), p.133 (l. 7) 	p.oslo;2;23			"
47	P.Oslo II	Eitrem S-Amundsen L	1931	18	Pl. VIIa		Wilcken U, APF 10 (1932), p. 84 (l.7)Youtie, HC, CP 27 (1932) p. 89 (l.2/3, 4)	Eitrem S-Amundsen L, P.Oslo II, 18, 1931, Pl. VIIa -- Wilcken U, APF 10 (1932), p. 84 (l.7)Youtie, HC, CP 27 (1932) p. 89 (l.2/3, 4)				"
48	P.Oslo II	Eitrem S-Amundsen L	1931	22	Pl. IIIb		Amundsen L, Chronique d'Egypt 7 (1932) p. 330 (l.3, 5)Youtie HC, CP 27 (1932) p. 93 (l.5, 18)Turner E, JEA 40 (1954) p. 33 (l.5)Braunert H, JJP 9/10 (1955/56) p. 233 (l. 16)Tomsin A, Choix de papyrus grecs, 1968 (no. 5)  (l.3/4, 4, 16)Schwartz J, P.Strasb. 5 (1973) p. 21 (l. 10/11)Wrong measurements given in the original publication.	Eitrem S-Amundsen L, P.Oslo II, 22, 1931, Pl. IIIb -- Amundsen L, Chronique d'Egypt 7 (1932) p. 330 (l.3, 5)Youtie HC, CP 27 (1932) p. 93 (l.5, 18)Turner E, JEA 40 (1954) p. 33 (l.5)Braunert H, JJP 9/10 (1955/56) p. 233 (l. 16)Tomsin A, Choix de papyrus grecs, 1968 (no. 5)  (l.3/4, 4, 16)Schwartz J, P.Strasb. 5 (1973) p. 21 (l. 10/11)Wrong measurements given in the original publication.	p.oslo;2;22			"
49	JEA 40	Eitrem S-Amundsen L	1954	30-32		SB VI 9421		Eitrem S-Amundsen L, JEA 40, 30-32, 1954 -- SB VI 9421	SB:6:9421			"
50	P.Oslo III	Eitrem S-Amundsen L	1936	97			Hombert/Préaux, P.L.Bat V (1952), p. 121 (l. 13: reading doubted)	Eitrem S-Amundsen L, P.Oslo III, 97, 1936 -- Hombert/Préaux, P.L.Bat V (1952), p. 121 (l. 13: reading doubted)	p.oslo;3;97			"
51	P.Oslo III	Eitrem S-Amundsen L	1936	98	Pl. IV		Eitrem/Amundsen, P.Oslo III, p. 278 (l. 14, 24)Hombert/Préaux, P.L.Bat V (1952), p. 85,n.3 (a signature should be added)Hagedorn-Sijpesteijn, ZPE 65 (1986), p. 102 (l. 17)Bagnall/Friar, Demography of Egypt (1994), p. 317 (l.13, 24)	Eitrem S-Amundsen L, P.Oslo III, 98, 1936, Pl. IV -- Eitrem/Amundsen, P.Oslo III, p. 278 (l. 14, 24)Hombert/Préaux, P.L.Bat V (1952), p. 85,n.3 (a signature should be added)Hagedorn-Sijpesteijn, ZPE 65 (1986), p. 102 (l. 17)Bagnall/Friar, Demography of Egypt (1994), p. 317 (l.13, 24)	p.oslo;3;98			"
52	SO 71	Tidemandsen-P	1996	172-180	p.174-175			Tidemandsen-P, SO 71, 172-180, 1996, p.174-175				"
53	P.Oslo III	Eitrem S-Amundsen-L	1936	99				Eitrem S-Amundsen-L, P.Oslo III, 99, 1936				"
54	P.Oslo III	Eitrem S-Amundsen L	1936	133			Pringsheim F, The Greek law of sale. Weimar 1950, p. 523-24 (l.2-3) [The correction is suggested without having seen the papyrus, and the reading of the papyrus cannot be the one suggested by Pringsheim]	Eitrem S-Amundsen L, P.Oslo III, 133, 1936 -- Pringsheim F, The Greek law of sale. Weimar 1950, p. 523-24 (l.2-3) [The correction is suggested without having seen the papyrus, and the reading of the papyrus cannot be the one suggested by Pringsheim]	p.oslo;3;133			"
55	SO 69	Eliassen M. De Kat	1973	50-52		SB XIV 11432	Hagedorn D, ZPE 12 (1973) p. 280 (date)	Eliassen M. De Kat, SO 69, 50-52, 1973 -- SB XIV 11432 -- Hagedorn D, ZPE 12 (1973) p. 280 (date)	SB:14:11432			"
56	SO 49	Eliassen M de Kat	1973	45-50		SB XIV 11431		Eliassen M de Kat, SO 49, 45-50, 1973 -- SB XIV 11431	SB:14:11431			"
57	SO  49	Eliassen M de Kat	1973	39-45		SB XIV 11430		Eliassen M de Kat, SO  49, 39-45, 1973 -- SB XIV 11430				"
58	P.Oslo III	Eitrem S-Amundsen L	1936	78	Plate IIIb			Eitrem S-Amundsen L, P.Oslo III, 78, 1936, Plate IIIb	p.oslo;3;78			"
59	P.Oslo II	Eitrem S-Amundsen L	1931	28			Eitrem S-Amundsen L, P.Oslo II, p. 153 (l.5, 8)	Eitrem S-Amundsen L, P.Oslo II, 28, 1931 -- Eitrem S-Amundsen L, P.Oslo II, p. 153 (l.5, 8)	p.oslo;2;28			"
60	SO 49	Eliassen M de Kat	1973	54-55		SB XIV 11434	Bagnall R, Consuls of the later Roman empire, 1987, p.419 (l.1 and date)	Eliassen M de Kat, SO 49, 54-55, 1973 -- SB XIV 11434 -- Bagnall R, Consuls of the later Roman empire, 1987, p.419 (l.1 and date)	SB:14:11434			"
61	SO 71	Forselv I L	1996	156-175	p. 162-163	SB XXIV 16185	Kramer B, APF 48 (2002) p. 341 (l.I 1, 11, 12, 15; II 6, 7-8)	Forselv I L, SO 71, 156-175, 1996, p. 162-163 -- SB XXIV 16185 -- Kramer B, APF 48 (2002) p. 341 (l.I 1, 11, 12, 15; II 6, 7-8)	SB:24:16185			"
62	SO 52	Eliassen M de Kat	1977	106-111		SB XIV 12021	Sijpesteijn PJ, ZPE 55 (1984) p.159, n.16 (l.1) Sijpesteijn PJ, Aegyptus 68 (1968) p. 83 (l.1)	Eliassen M de Kat, SO 52, 106-111, 1977 -- SB XIV 12021 -- Sijpesteijn PJ, ZPE 55 (1984) p.159, n.16 (l.1) Sijpesteijn PJ, Aegyptus 68 (1968) p. 83 (l.1)	SB:14:12021			"
63	SO 52	Eliassen M de Kat	1977	104-106		SB XIV 12020	Sijpesteijn PJ, ZPE 55 (1984) p. 159 (l. 5/6)	Eliassen M de Kat, SO 52, 104-106, 1977 -- SB XIV 12020 -- Sijpesteijn PJ, ZPE 55 (1984) p. 159 (l. 5/6)	SB:14:12020			"
64	SO 52	Eliassen M de Kat	1977	102-104		SB XIV 12019		Eliassen M de Kat, SO 52, 102-104, 1977 -- SB XIV 12019	SB:14:12019			"
65	SO 51	Eliassen M de Kat	1976	148-150		SB XIV 12016	Hobson DW, Aegyptus 62 (1982) p. 83, n. 13 (l. 3)Battaglia E, Aegyptus 62 (1982) p. 125, n. 7 (l. 3)	Eliassen M de Kat, SO 51, 148-150, 1976 -- SB XIV 12016 -- Hobson DW, Aegyptus 62 (1982) p. 83, n. 13 (l. 3)Battaglia E, Aegyptus 62 (1982) p. 125, n. 7 (l. 3)	SB:14:12016			"
66	SO 51	Eliassen M de Kat	1976	150-154		SB XIV 12017		Eliassen M de Kat, SO 51, 150-154, 1976 -- SB XIV 12017	SB:14:12017			"
67	SO 51	Eliassen M de Kat	1976	145-148		SB XIV 12015	Sijpesteijn PJ, ZPE 55 (1984) p. 157-158Hagedorn D, ZPE 67 (1987) p. 101-104 (l.1)	Eliassen M de Kat, SO 51, 145-148, 1976 -- SB XIV 12015 -- Sijpesteijn PJ, ZPE 55 (1984) p. 157-158Hagedorn D, ZPE 67 (1987) p. 101-104 (l.1)	SB:18:13862			"
68	SO 52	Eliassen M de Kat	1977	97-102		SB XIV 12018	Sijpesteijn PJ, ZPE 55 (1984) p. 157-158	Eliassen M de Kat, SO 52, 97-102, 1977 -- SB XIV 12018 -- Sijpesteijn PJ, ZPE 55 (1984) p. 157-158	SB:18:13862			"
69	SO 36	Eliassen M de Kat	1960	45-46		SB VI 9626	Eliassen M de Kat, SO 40 (1965) p. 48 (l. 9).Eliassen M de Kat, Substitution of strategus and royal scribe in the Roman period"", Actes du XVe Congrès international de papyrologie IV (1979) p. 116-123."	"Eliassen M de Kat, SO 36, 45-46, 1960 -- SB VI 9626 -- Eliassen M de Kat, SO 40 (1965) p. 48 (l. 9).Eliassen M de Kat, ""Substitution of strategus and royal scribe in the Roman period"", Actes du XVe Congrès international de papyrologie IV (1979) p. 116-123."				
70	SO 36	Eliassen M de Kat	1960	47-48		SB VI 9627		Eliassen M de Kat, SO 36, 47-48, 1960 -- SB VI 9627	SB:6:9627			"
71	SO 36	Eliassen M de Kat	1960	46-48		SB VI 9627	Sijpesteijn PJ, SO 58 (1983) p. 129-132 (l. 16ff)	Eliassen M de Kat, SO 36, 46-48, 1960 -- SB VI 9627 -- Sijpesteijn PJ, SO 58 (1983) p. 129-132 (l. 16ff)	SB:6:9627			"
72	SO 53	Eliassen M de Kat	1978	100-104		SB XIV 12023	Sijpesteijn PJ, ZPE 55 (1984) p. 159 (l. 4, 16);Armoni C-Kruse T, ZPE 140 (2002) p. 170 (l.15-16)	Eliassen M de Kat, SO 53, 100-104, 1978 -- SB XIV 12023 -- Sijpesteijn PJ, ZPE 55 (1984) p. 159 (l. 4, 16);Armoni C-Kruse T, ZPE 140 (2002) p. 170 (l.15-16)	SB:14:12023			"
73	SO 53	Forselv IL	1978	107-109		SB XIV 12025		Forselv IL, SO 53, 107-109, 1978 -- SB XIV 12025	SB:14:12025			"
74	SO 53	Eliassen M de Kat	1978	97-99		SB XIV 12022		Eliassen M de Kat, SO 53, 97-99, 1978 -- SB XIV 12022	SB:14:12022			"
75	SO 56	Eliassen M de Kat	1981	99-101		SB XVI 12548		Eliassen M de Kat, SO 56, 99-101, 1981 -- SB XVI 12548	SB:16:12548			"
76	SO 56	Eliassen M de Kat	1981	101-103		SB XVI 12549		Eliassen M de Kat, SO 56, 101-103, 1981 -- SB XVI 12549	SB:16:12549			"
77	SO 57	Forselv IL	1982	127-130		SB XVI 12553		Forselv IL, SO 57, 127-130, 1982 -- SB XVI 12553	SB:16:12553			"
78	P.Col. VII	Bagnall R	1979	155	Microfiche in publication			Bagnall R, P.Col. VII, 155, 1979, Microfiche in publication	p.col;7;155			"
79	P.Oslo II	Eitrem S-Amundsen L	1931	38			Wegener EP, JEA 23 (1937) p.211 (ll.21-22)	Eitrem S-Amundsen L, P.Oslo II, 38, 1931 -- Wegener EP, JEA 23 (1937) p.211 (ll.21-22)				"
80	P.Col. VII	Bagnall R	1979	141a	Microfiche in publication			Bagnall R, P.Col. VII, 141a, 1979, Microfiche in publication	p.col;7;141a			"
81	P.Col. VII	Bagnall R	1979	156	Microfiche in publication			Bagnall R, P.Col. VII, 156, 1979, Microfiche in publication	p.col;7;156			"
82	P.Col. VII	Bagnall R	1979	126	Microfiche in publication			Bagnall R, P.Col. VII, 126, 1979, Microfiche in publication	p.col;7;126			"
83	P.Col. VII	Bagnall R	1979	135a)	Microfiche in publication		Pietersma A, The Second Century 3 (1983) p. 120 (l. 5)	Bagnall R, P.Col. VII, 135a), 1979, Microfiche in publication -- Pietersma A, The Second Century 3 (1983) p. 120 (l. 5)	p.col;7;135a			"
84	P.Col. VII	Bagnall R	1979	164	Microfiche in publication			Bagnall R, P.Col. VII, 164, 1979, Microfiche in publication	p.col;7;164			"
85	SO 57	Forselv IL	1982	130-136		SB XVI 12554		Forselv IL, SO 57, 130-136, 1982 -- SB XVI 12554	SB:16:12554			"
86	SO 78	Forselv IL	2003	19-29	p. 25			Forselv IL, SO 78, 19-29, 2003, p. 25				"
87	SO 36	Eliassen M de Kat	1960	40-44		SB VI 9625	Kramer B-Hagedorn D, P.Hamb. 4 (1998) p.263 (l. 2)	Eliassen M de Kat, SO 36, 40-44, 1960 -- SB VI 9625 -- Kramer B-Hagedorn D, P.Hamb. 4 (1998) p.263 (l. 2)	SB:6:9625			"
88	SO 37	Eliassen M de Kat	1961	132-138		SB VI 9629		Eliassen M de Kat, SO 37, 132-138, 1961 -- SB VI 9629				"
89	SO 37 	Eliassen M de Kat	1961	139-140		SB VI 9630		Eliassen M de Kat, SO 37 , 139-140, 1961 -- SB VI 9630	SB:6:9630			"
90	SO 49	Eliassen M de Kat	1973	52-54		SB XIV 11433		Eliassen M de Kat, SO 49, 52-54, 1973 -- SB XIV 11433	SB:14:11433			"
91	SO 40	Eliassen M de Kat	1965	44-45		SB VIII 9924	Sijpesteijn PJ, P.Lugd.Bat. 12, p.57 ad 96 (l.5)	Eliassen M de Kat, SO 40, 44-45, 1965 -- SB VIII 9924 -- Sijpesteijn PJ, P.Lugd.Bat. 12, p.57 ad 96 (l.5)	SB:8:9924a			"
92	SO 40	Eliassen M de Kat	1965	45		SB VIII 9924	Sijpesteijn PJ, P.Ludg.Bat. 12, p. 65, ad 188 (l. 7)	Eliassen M de Kat, SO 40, 45, 1965 -- SB VIII 9924 -- Sijpesteijn PJ, P.Ludg.Bat. 12, p. 65, ad 188 (l. 7)	SB:8:9924b			"
93	SO 40	Eliassen M de Kat	1965	47		SB VIII 9924		Eliassen M de Kat, SO 40, 47, 1965 -- SB VIII 9924	SB:8:9924d			"
94	SO 40	Eliassen M de Kat	1965	46-47		SB VIII 9924c		Eliassen M de Kat, SO 40, 46-47, 1965 -- SB VIII 9924c	SB:8:9924c			"
95	SO 40	Eliassen M de Kat	1965	47-48		SB VIII 9925		Eliassen M de Kat, SO 40, 47-48, 1965 -- SB VIII 9925	SB:8:9925			"
96	SO 50	Eliassen M de Kat	1975	75-77		SB XIV 11435	Bogaert R, ZPE 68 (1987) p. 69 (alternative date: July 31, 160 B.C. )	Eliassen M de Kat, SO 50, 75-77, 1975 -- SB XIV 11435 -- Bogaert R, ZPE 68 (1987) p. 69 (alternative date: July 31, 160 B.C. )	SB:14:11435			"
97	Proc. XVIth Intern.Congr.Pap.	Eliassen M de Kat	1981	329-333	p. 333	SB XVI 12508	Richter M, ZPE 86 (1991) p. 252 (date)Kruse T, Der königliche Schreiber und die Gauverwaltung, 2002, note 1785 (l. 8)	Eliassen M de Kat, Proc. XVIth Intern.Congr.Pap., 329-333, 1981, p. 333 -- SB XVI 12508 -- Richter M, ZPE 86 (1991) p. 252 (date)Kruse T, Der königliche Schreiber und die Gauverwaltung, 2002, note 1785 (l. 8)	SB:16:12508			"
98	SO 50	Eliassen M de Kat	1975	77-81		SB XIV 11436		Eliassen M de Kat, SO 50, 77-81, 1975 -- SB XIV 11436	SB:14:11436			"
99	SO 38	Schreiner JH	1963	38-42		SB VIII 9922	Bingen J, Chr. d'Ég. 38 (1963) p. 323 (l.13)	Schreiner JH, SO 38, 38-42, 1963 -- SB VIII 9922 -- Bingen J, Chr. d'Ég. 38 (1963) p. 323 (l.13)	SB:8:9922			"
100	SO 38	Schreiner JH	1963	42-46		SB VIII 9923	Sijpesteijn PJ, SO 41 (1966) p. 83-85	Schreiner JH, SO 38, 42-46, 1963 -- SB VIII 9923 -- Sijpesteijn PJ, SO 41 (1966) p. 83-85	SB:8:9923			"
101	SO 44	Schreiner JH	1969	148-151		SB X 10723		Schreiner JH, SO 44, 148-151, 1969 -- SB X 10723	SB:10:10723			"
102	SO 44	Schreiner JH	1969	146-148		SB X 10722		Schreiner JH, SO 44, 146-148, 1969 -- SB X 10722	SB:10:10722			"
103	SO 58	Forselv IL	1983	126-128		SB XVI 12988		Forselv IL, SO 58, 126-128, 1983 -- SB XVI 12988	SB:16:12988			"
104	ZPE 149	Maravela-Solbakk A	2004	182-185	p.183			Maravela-Solbakk A, ZPE 149, 182-185, 2004, p.183				"
105	SO 73	Forselv IL	1998	116-124	p.121	SB XXIV 16186	Reiter F, APF 48 (2002) p. 128-131; Bergamasco M, Studi di egittologia e di papirologia 1 (2004) p. 31-35	Forselv IL, SO 73, 116-124, 1998, p.121 -- SB XXIV 16186 -- Reiter F, APF 48 (2002) p. 128-131; Bergamasco M, Studi di egittologia e di papirologia 1 (2004) p. 31-35	SB:24:16186			"
106	SO 58	Forselv IL	1983	123-126		SB XVI 12987		Forselv IL, SO 58, 123-126, 1983 -- SB XVI 12987	SB:16:12987			"
107	SO 36	Traversa A	1960	49-64		SB VI 9628		Traversa A, SO 36, 49-64, 1960 -- SB VI 9628	SB:6:9628			"
108	SO 57	Clarysse W-Quaegebeur J	1982	75-81		SB XVI 12552		Clarysse W-Quaegebeur J, SO 57, 75-81, 1982 -- SB XVI 12552	SB:16:12552			"
109	P.Oslo III	Amundsen L-Eitrem S	1936	123			Amundsen L-Eitrem S, P.Oslo III, p. 279 (l.10)Zucker F, Festschrift Oertel (1964) p. 105 (l.22)Vidman L, Misc.Pap. (1990) p. 528 (l.5)	Amundsen L-Eitrem S, P.Oslo III, 123, 1936 -- Amundsen L-Eitrem S, P.Oslo III, p. 279 (l.10)Zucker F, Festschrift Oertel (1964) p. 105 (l.22)Vidman L, Misc.Pap. (1990) p. 528 (l.5)	p.oslo;3;123			"
110	SO 79	Maravela-Solbakk A	2004	102-108	p. 105			Maravela-Solbakk A, SO 79, 102-108, 2004, p. 105				"
111	ZPE 149	Maravela-Solbakk A	2004	186-188	p. 187			Maravela-Solbakk A, ZPE 149, 186-188, 2004, p. 187				"
112	ZPE 149	Maravela-Solbakk A	2004	177-182	p. 179			Maravela-Solbakk A, ZPE 149, 177-182, 2004, p. 179				"
113	P.Oslo III	Eitrem S-Amundsen L	1936	138				Eitrem S-Amundsen L, P.Oslo III, 138, 1936	p.oslo;3;138			"
114	SO 65	Forselv IL	1990	131-137	p. 137	SB XX 14665		Forselv IL, SO 65, 131-137, 1990, p. 137 -- SB XX 14665	SB:20:14665			"
115	P.Oslo III	Eitrem S-Amundsen L	1936	134				Eitrem S-Amundsen L, P.Oslo III, 134, 1936	p.oslo;3;134			"
116	P.Oslo III	Eitrem S-Amundsen L	1936	124				Eitrem S-Amundsen L, P.Oslo III, 124, 1936	p.oslo;3;124			"
117	P.Oslo III	Eitrem S-Amundsen L 	1936	141			BL III 127 (l.11)	Eitrem S-Amundsen L , P.Oslo III, 141, 1936 -- BL III 127 (l.11)	p.oslo;3;141			"
118	P.Oslo III	Eitrem S-Amundsen L 	1936	76				Eitrem S-Amundsen L , P.Oslo III, 76, 1936	p.oslo;3;76			"
119	P.Oslo III	Eitrem S-Amundsen L 	1936	100				Eitrem S-Amundsen L , P.Oslo III, 100, 1936	p.oslo;3;100			"
120	P.Oslo III	Eitrem S-Amundsen L 	1936	101				Eitrem S-Amundsen L , P.Oslo III, 101, 1936	p.oslo;3;101			"
121	P.Oslo III	Eitrem S-Amundsen L 	1936	102				Eitrem S-Amundsen L , P.Oslo III, 102, 1936	p.oslo;3;102			"
122	P.Oslo III	Eitrem S-Amundsen L 	1936	103				Eitrem S-Amundsen L , P.Oslo III, 103, 1936	p.oslo;3;103			"
123	P.Oslo III	Eitrem S-Amundsen L 	1936	104			Eitrem S-Amundsen L , P.Oslo III, 1936, p. 279 (l. 5)	Eitrem S-Amundsen L , P.Oslo III, 104, 1936 -- Eitrem S-Amundsen L , P.Oslo III, 1936, p. 279 (l. 5)	p.oslo;3;104			"
124	SO 3	Rudberg G	1925	20-25	Pl.1			Rudberg G, SO 3, 20-25, 1925, Pl.1				"
125	P.Oslo II	Eitrem S-Amundsen L 	1931	8				Eitrem S-Amundsen L , P.Oslo II, 8, 1931				"
126	P.Oslo II	Eitrem S-Amundsen L 	1931	9				Eitrem S-Amundsen L , P.Oslo II, 9, 1931				"
127	P.Oslo II	Eitrem S-Amundsen L 	1931	10				Eitrem S-Amundsen L , P.Oslo II, 10, 1931				"
128	P.Oslo III	Eitrem S-Amundsen L 	1936	68	Plate IIIa			Eitrem S-Amundsen L , P.Oslo III, 68, 1936, Plate IIIa				"
129	P.Oslo III	Eitrem S-Amundsen L 	1936	69				Eitrem S-Amundsen L , P.Oslo III, 69, 1936				"
130	P.Oslo III	Eitrem S-Amundsen L 	1936	77	Pl.II		P.Oslo III (1936) 278 (l.21)	Eitrem S-Amundsen L , P.Oslo III, 77, 1936, Pl.II -- P.Oslo III (1936) 278 (l.21)	p.oslo;3;77			"
131	P.Oslo III	Eitrem S-Amundsen L 	1936	131			Hagedorn D, Tyche 26 (2011) 298 (l. 1-2; 25-26)	Eitrem S-Amundsen L , P.Oslo III, 131, 1936 -- Hagedorn D, Tyche 26 (2011) 298 (l. 1-2; 25-26)	p.oslo;3;131			"
132	P.Oslo II	Eitrem S-Amundsen L 	1931	24			Schmidt KFW, Gött.Gel.Anz. 194 (1932) 281 (l.3); P.Oslo III (1936) 275;Hagedorn D, Tyche 26 (2011) 296 (l.2)	Eitrem S-Amundsen L , P.Oslo II, 24, 1931,  -- Schmidt KFW, Gött.Gel.Anz. 194 (1932) 281 (l.3); P.Oslo III (1936) 275;Hagedorn D, Tyche 26 (2011) 296 (l.2)	p.oslo;2;24			"
133	P.Oslo III	Eitrem S-Amundsen L 	1936	66				Eitrem S-Amundsen L , P.Oslo III, 66, 1936				"
134	P.Oslo III	Eitrem S-Amundsen L 	1936	143				Eitrem S-Amundsen L , P.Oslo III, 143, 1936	p.oslo;3;143			"
135	P.Oslo II	Eitrem S-Amundsen L 	1931	17			Schmidt K, Gött.Gel.Anz. 194 (1932) 280 (l.8,10)P.Oslo III (1936) 274 (l. 8,9,12f.)	Eitrem S-Amundsen L , P.Oslo II, 17, 1931 -- Schmidt K, Gött.Gel.Anz. 194 (1932) 280 (l.8,10)P.Oslo III (1936) 274 (l. 8,9,12f.)	p.oslo;2;17			"
136	P.Oslo III	Eitrem S-Amundsen L 	1936	67				Eitrem S-Amundsen L , P.Oslo III, 67, 1936				"
137	P.Oslo II	Eitrem S-Amundsen L 	1931	20			Youtie H, CPh 27 (1932) 92-93 (l.1) Eitrem S-Amundsen L, P.Oslo III, 275 (l.1,2)Hagedorn U, BASP 16 (1979) 64 (Date)	Eitrem S-Amundsen L , P.Oslo II, 20, 1931 -- Youtie H, CPh 27 (1932) 92-93 (l.1) Eitrem S-Amundsen L, P.Oslo III, 275 (l.1,2)Hagedorn U, BASP 16 (1979) 64 (Date)	p.oslo;2;20			"
138	Philologus 71	Eitrem S	1912	24		SB I 5661	Amundsen L, Chr.d'Eg. 7 (1932) 328 no.3Bagnall R, BASP 27 (1990) 13-14 (l.14)	Eitrem S, Philologus 71, 24, 1912 -- SB I 5661 -- Amundsen L, Chr.d'Eg. 7 (1932) 328 no.3Bagnall R, BASP 27 (1990) 13-14 (l.14)	SB:1:5661			"
139	P.Oslo II	Eitrem S-Amundsen L 	1931	25				Eitrem S-Amundsen L , P.Oslo II, 25, 1931	p.oslo;2;25			"
140	P.Oslo III 	Eitrem S-Amundsen L 	1936	168				Eitrem S-Amundsen L , P.Oslo III , 168, 1936				"
141	P.Oslo III 	Eitrem S-Amundsen L 	1936	170				Eitrem S-Amundsen L , P.Oslo III , 170, 1936				"
142	P.Oslo III	Eitrem S-Amundsen L 	1936	177				Eitrem S-Amundsen L , P.Oslo III, 177, 1936				"
143	P.Oslo III	Eitrem S-Amundsen L 	1936	116				Eitrem S-Amundsen L , P.Oslo III, 116, 1936	p.oslo;3;116			"
144	P.Oslo III	Eitrem S-Amundsen L 	1936	174				Eitrem S-Amundsen L , P.Oslo III, 174, 1936				"
145	SO 79	Maravela-Solbakk A	2004	109-116	p. 114			Maravela-Solbakk A, SO 79, 109-116, 2004, p. 114				"
146	Proceedings of the 24th International Congress of papyrology, Helsinki	Maravela-Solbakk A - Leith D	2007	637-650	Pl XXXI			Maravela-Solbakk A - Leith D, Proceedings of the 24th International Congress of papyrology, Helsinki, 637-650, 2007, Pl XXXI				"
147	P.Oslo III	Eitrem S-Amundsen L 	1936	117				Eitrem S-Amundsen L , P.Oslo III, 117, 1936	p.oslo;3;117			"
148	P.Oslo III	Eitrem S-Amundsen L 	1936	118			Reiter F, Die Nomarchen des Arsinoites. 2004, 29 (l.1)	Eitrem S-Amundsen L , P.Oslo III, 118, 1936 -- Reiter F, Die Nomarchen des Arsinoites. 2004, 29 (l.1)	p.oslo;3;118			"
149	P.Oslo II	Eitrem S-Amundsen L 	1931	29			Schmidt K, Gött.Gel.Anz. 194 (1932) 281 (l.4);P.Oslo II (1931) 153	Eitrem S-Amundsen L , P.Oslo II, 29, 1931 -- Schmidt K, Gött.Gel.Anz. 194 (1932) 281 (l.4);P.Oslo II (1931) 153	p.oslo;2;29			"
150	P.Oslo III	Eitrem S-Amundsen L 	1936	92				Eitrem S-Amundsen L , P.Oslo III, 92, 1936	p.oslo;3;92			"
151	P.Oslo II	Eitrem S-Amundsen L 	1931	21				Eitrem S-Amundsen L , P.Oslo II, 21, 1931	p.oslo;2;21			"
152	P.Oslo II	Eitrem S-Amundsen L 	1931	42			Youtie HC, C.Ph. 27 (1932) 90 (col.II, l.4)	Eitrem S-Amundsen L , P.Oslo II, 42, 1931 -- Youtie HC, C.Ph. 27 (1932) 90 (col.II, l.4)	p.oslo;2;42			"
153	P.Oslo II	Eitrem S-Amundsen L 	1931	26a			Gonis N, ZPE 126 (1999), p. 209 (l.21-22)	Eitrem S-Amundsen L , P.Oslo II, 26a, 1931 -- Gonis N, ZPE 126 (1999), p. 209 (l.21-22)	p.oslo;2;26a			"
154	P.Oslo III	Eitrem S-Amundsen L 	1936	95	Pl. VII c			Eitrem S-Amundsen L , P.Oslo III, 95, 1936, Pl. VII c	p.oslo;3;95			"
155	P.Oslo III	Eitrem S-Amundsen L 	1936	96				Eitrem S-Amundsen L , P.Oslo III, 96, 1936	p.oslo;3;96			"
156	P.Oslo III	Eitrem S-Amundsen L 	1936	167				Eitrem S-Amundsen L , P.Oslo III, 167, 1936				"
157	P.Oslo III	Eitrem S-Amundsen L 	1936	172				Eitrem S-Amundsen L , P.Oslo III, 172, 1936				"
158	P.Oslo III	Eitrem S-Amundsen L 	1936	81			Thomas JD, The epistrategos in Ptolemaic and Roman Egypt, vol.2 (1982) p. 71, n.11 (l.9-10)	Eitrem S-Amundsen L , P.Oslo III, 81, 1936 -- Thomas JD, The epistrategos in Ptolemaic and Roman Egypt, vol.2 (1982) p. 71, n.11 (l.9-10)	p.oslo;3;81			"
159	P.Oslo II	Eitrem S-Amundsen L 	1931	19				Eitrem S-Amundsen L , P.Oslo II, 19, 1931	p.oslo;2;19			"
160	P.Oslo II 	Eitrem S-Amundsen L 	1931	30	Pl.IIIa		Bell HI, Mizraim I (1933), p. 190 (l.2)Schmidt KFW, Göttingische gelehrte Anzeigen 194 (1932) p. 281 (l. 6, 11, 16f)BL 2,2, p.211 (l.17, 19)	Eitrem S-Amundsen L , P.Oslo II , 30, 1931, Pl.IIIa -- Bell HI, Mizraim I (1933), p. 190 (l.2)Schmidt KFW, Göttingische gelehrte Anzeigen 194 (1932) p. 281 (l. 6, 11, 16f)BL 2,2, p.211 (l.17, 19)	p.oslo;2;30			"
161	P.Oslo II	Eitrem S-Amundsen L 	1931	32	Pl. IVa,b		Wilcken U, APF 10, p. 85 (l. 4)Schmidt KFW, Göttingische gelehrte Anzeigen 194 (1932) p. 281f (l. 4, 11, 12, 17, 21f)Bell HI, CR 46 (1932) p. 24 (l. 4)Youtie HC, CPh 27 (1932) p. 89-94 (l. 4, 7-8, 12, verso)P.Oslo III, p. 275 (17: Schmidt; 35: Youtie)Wegener EP, JEA 23 (1937) p.211 (l. 36)	Eitrem S-Amundsen L , P.Oslo II, 32, 1931, Pl. IVa,b -- Wilcken U, APF 10, p. 85 (l. 4)Schmidt KFW, Göttingische gelehrte Anzeigen 194 (1932) p. 281f (l. 4, 11, 12, 17, 21f)Bell HI, CR 46 (1932) p. 24 (l. 4)Youtie HC, CPh 27 (1932) p. 89-94 (l. 4, 7-8, 12, verso)P.Oslo III, p. 275 (17: Schmidt; 35: Youtie)Wegener EP, JEA 23 (1937) p.211 (l. 36)	p.oslo;2;32			"
162	P.Oslo II	Eitrem S-Amundsen L 	1931	63			Drexhage HJ, Münst.Beitr.ant.Handelsgesch. 6/2 (1987) 37-38 (dating)Rathbone DW, Economie antique, p.229 (refutes Drexhage's dating)	Eitrem S-Amundsen L , P.Oslo II, 63, 1931 -- Drexhage HJ, Münst.Beitr.ant.Handelsgesch. 6/2 (1987) 37-38 (dating)Rathbone DW, Economie antique, p.229 (refutes Drexhage's dating)	p.oslo;2;63			"
163	P.Oslo II	Eitrem S-Amundsen L 	1931	58				Eitrem S-Amundsen L , P.Oslo II, 58, 1931	p.oslo;2;58			"
164	P.Oslo II	Eitrem S-Amundsen L 	1931	34			Kalen T, Berl.Leigabe griech.Pap 1 (1932), p.195 (l.11)	Eitrem S-Amundsen L , P.Oslo II, 34, 1931 -- Kalen T, Berl.Leigabe griech.Pap 1 (1932), p.195 (l.11)	p.oslo;2;34			"
165	P.Oslo III	Eitrem S-Amundsen L 	1936	144			P.Oslo III (1936) p. 279 (l 18.32)Kreucher G, APF 44 (1998), p. 274 (date)	Eitrem S-Amundsen L , P.Oslo III, 144, 1936 -- P.Oslo III (1936) p. 279 (l 18.32)Kreucher G, APF 44 (1998), p. 274 (date)	p.oslo;3;144			"
166	P.Oslo II	Eitrem S-Amundsen L 	1931	31				Eitrem S-Amundsen L , P.Oslo II, 31, 1931	p.oslo;2;31			"
167	P.Oslo II	Eitrem S-Amundsen L 	1931	35			Schmidt K FR W, Gött. Gel. Anz. 194 (1932) p. 282 (l. 4f, 8)B.L. 2, 2 p. 211 (l.14)Braunert H, Die Binnenwanderung (1964) p. 298, n. 36 (l. 5)Sijpesteijn PJ - Worp KA, ZPE 26 (1977) p. 276, n. 28 (date)Bagnall R - Worp KA, Mnemosyne 31 (1978) p. 288-290 (l. 10)P.Oxy. 55. 3803, n. to l. 2 (l. 4)	Eitrem S-Amundsen L , P.Oslo II, 35, 1931 -- Schmidt K FR W, Gött. Gel. Anz. 194 (1932) p. 282 (l. 4f, 8)B.L. 2, 2 p. 211 (l.14)Braunert H, Die Binnenwanderung (1964) p. 298, n. 36 (l. 5)Sijpesteijn PJ - Worp KA, ZPE 26 (1977) p. 276, n. 28 (date)Bagnall R - Worp KA, Mnemosyne 31 (1978) p. 288-290 (l. 10)P.Oxy. 55. 3803, n. to l. 2 (l. 4)	p.oslo;2;35			"
168	P.Oslo II	Eitrem S-Amundsen L 	1931	33	Klio 22 (1929) pl.1 (after p.226)			Eitrem S-Amundsen L , P.Oslo II, 33, 1931, Klio 22 (1929) pl.1 (after p.226)	p.oslo;2;33			"
169	P.Oslo II	Eitrem S-Amundsen L 	1931	33 				Eitrem S-Amundsen L , P.Oslo II, 33 , 1931	p.oslo;2;33			"
170	P.Oslo III	Eitrem S-Amundsen L 	1936	79	Pl.IIIc			Eitrem S-Amundsen L , P.Oslo III, 79, 1936, Pl.IIIc	p.oslo;3;79			"
171	P.Oslo III	Eitrem S-Amundsen L 	1936	145				Eitrem S-Amundsen L , P.Oslo III, 145, 1936	p.oslo;3;145			"
172	P.Oslo III	Eitrem S-Amundsen L 	1936	146			Bagnall R, Currency and inflation in fourth century Egypt (BASP Supl. 5, 1985) p. 58 (date)	Eitrem S-Amundsen L , P.Oslo III, 146, 1936 -- Bagnall R, Currency and inflation in fourth century Egypt (BASP Supl. 5, 1985) p. 58 (date)	p.oslo;3;146			"
173	P.Oslo III	Eitrem S-Amundsen L 	1936	147				Eitrem S-Amundsen L , P.Oslo III, 147, 1936	p.oslo;3;147			"
174	P.Oslo III	Eitrem S-Amundsen L 	1936	153				Eitrem S-Amundsen L , P.Oslo III, 153, 1936	p.oslo;3;153			"
175	P.Oslo III	Eitrem S-Amundsen L 	1936	155	Pl. XI		Wilcken U, APF 12 (1937) p. 228 (l.4)Crönert W, P.Oslo III (1936) p. 280 (l.6)Olson B, Deutsche Literaturzeitung 59 (1938) p. 518 (l.6)Schmidt KFW, Phil.Woch. 58 (1938) p. 303 (l.6, 21)Crönert W, P.Oslo III (1936) p. 303 (l.25-26)	Eitrem S-Amundsen L , P.Oslo III, 155, 1936, Pl. XI -- Wilcken U, APF 12 (1937) p. 228 (l.4)Crönert W, P.Oslo III (1936) p. 280 (l.6)Olson B, Deutsche Literaturzeitung 59 (1938) p. 518 (l.6)Schmidt KFW, Phil.Woch. 58 (1938) p. 303 (l.6, 21)Crönert W, P.Oslo III (1936) p. 303 (l.25-26)	p.oslo;3;155			"
176	P.Oslo III	Eitrem S-Amundsen L 	1936	94				Eitrem S-Amundsen L , P.Oslo III, 94, 1936	p.oslo;3;94			"
177	P.Oslo III	Eitrem S-Amundsen L 	1936	105				Eitrem S-Amundsen L , P.Oslo III, 105, 1936	p.oslo;3;105			"
178	P.Oslo II	Eitrem S-Amundsen L 	1931	13	Pl. II		Schmidt KFW, Gött.gel.Anz.94 (1932) p.279-280Di Benedetto V, Dionisio Trace I, p.189-190 and II p.88-99Morelli G, 'Dionisio Trace in  un papiro grammaticale del II secolo' in: Ricerche sulla tradizione grammaticale latina. Roma 1970, p. 112-130	Eitrem S-Amundsen L , P.Oslo II, 13, 1931, Pl. II -- Schmidt KFW, Gött.gel.Anz.94 (1932) p.279-280Di Benedetto V, Dionisio Trace I, p.189-190 and II p.88-99Morelli G, 'Dionisio Trace in  un papiro grammaticale del II secolo' in: Ricerche sulla tradizione grammaticale latina. Roma 1970, p. 112-130	p.oslo;2;13			"
179	P.Oslo II	Eitrem S-Amundsen L 	1931	12				Eitrem S-Amundsen L , P.Oslo II, 12, 1931	p.oslo;2;12			"
180	Eranos 54	Eitrem S-Amundsen L 	1956	101-108			Packman ZM, BASP 10 (1973) p. 31-41	Eitrem S-Amundsen L , Eranos 54, 101-108, 1956 -- Packman ZM, BASP 10 (1973) p. 31-41				"
181	P.Oslo III	Eitrem S-Amundsen L 	136	65				Eitrem S-Amundsen L , P.Oslo III, 65, 136				"
182	P.Oslo III	Eitrem S-Amundsen L 	1936	70				Eitrem S-Amundsen L , P.Oslo III, 70, 1936				"
183	Studi Calderini-Paribeni II	Eitrem S-Amundsen L 	1957	147-150				Eitrem S-Amundsen L , Studi Calderini-Paribeni II, 147-150, 1957				"
184	P.Oslo II	Eitrem S-Amundsen L 	1931	26			P.Hamb.IV (1998), p. 234 n.68 (l. 6, 33)	Eitrem S-Amundsen L , P.Oslo II, 26, 1931 -- P.Hamb.IV (1998), p. 234 n.68 (l. 6, 33)	p.oslo;2;26			"
185	P.Oslo III	Eitrem S-Amundsen L 	1936	191			Balconi C, Aeg. 56 (1976), s. 221, note 1 (date)P.Oxy. 59 (1992), 4002, n. to 12-13 (l.2) 	Eitrem S-Amundsen L , P.Oslo III, 191, 1936 -- Balconi C, Aeg. 56 (1976), s. 221, note 1 (date)P.Oxy. 59 (1992), 4002, n. to 12-13 (l.2) 	p.oslo;3;191			"
186	P.Oslo II	Eitrem S-Amundsen L 	1931	37				Eitrem S-Amundsen L , P.Oslo II, 37, 1931	p.oslo;2;37			"
187	Greek medical papyri II	Maravela-Solbakk A	2009	6				Maravela-Solbakk A, Greek medical papyri II, 6, 2009				"
188	Greek medical papyri II	Maravela-Solbakk A	2009	7	Plate VIII			Maravela-Solbakk A, Greek medical papyri II, 7, 2009, Plate VIII				"
189	Greek medical papyri II	Maravela-Solbakk A	2009	7	Plate VIII			Maravela-Solbakk A, Greek medical papyri II, 7, 2009, Plate VIII				"
190	P.Oslo III	Eitrem S-Amundsen L	1936	173				Eitrem S-Amundsen L, P.Oslo III, 173, 1936				"
191	P.Oslo III	Eitrem S-Amundsen L	1936	175				Eitrem S-Amundsen L, P.Oslo III, 175, 1936				"
192	P.Oslo III	Eitrem S-Amundsen L	1936	176				Eitrem S-Amundsen L, P.Oslo III, 176, 1936				"
193	P.Oslo III	Eitrem S-Amundsen L	1936	157	Plate XIIc			Eitrem S-Amundsen L, P.Oslo III, 157, 1936, Plate XIIc	p.oslo;3;157			"
194	P.Oslo III	Eitrem S-Amundsen L	1936	166				Eitrem S-Amundsen L, P.Oslo III, 166, 1936				"
195	P.Oslo III	Eitrem S-Amundsen L	1936	169				Eitrem S-Amundsen L, P.Oslo III, 169, 1936				"
196	P.Oslo III	Eitrem S-Amundsen L	1936	171				Eitrem S-Amundsen L, P.Oslo III, 171, 1936				"
197	P.Oslo II	Eitrem S-Amundsen L	1931	39			P.Oslo III, 132,8 (l.11);Kühnert H, Zum Kreditgeschäft (1968?) p. 92 (l. 22)Warga RG, BASP 24 (1987) p. 110 (l. 10-11), incl.photo	Eitrem S-Amundsen L, P.Oslo II, 39, 1931 -- P.Oslo III, 132,8 (l.11);Kühnert H, Zum Kreditgeschäft (1968?) p. 92 (l. 22)Warga RG, BASP 24 (1987) p. 110 (l. 10-11), incl.photo	p.oslo;2;39			"
198	P.Oslo III	Eitrem S-Amundsen L	1936	178				Eitrem S-Amundsen L, P.Oslo III, 178, 1936	p.oslo;3;178			"
199	P.Oslo III	Eitrem S-Amundsen L	1936	180				Eitrem S-Amundsen L, P.Oslo III, 180, 1936	p.oslo;3;180			"
200	SO 37	Traversa A	1961	105-107		SB VIII 9825	Daris S, Aeg.42 (1962) 319 (l. 6)Hickey TM, Papyrologica Lugduno-Batava 33 (2008) p. 348-350 (date)	Traversa A, SO 37, 105-107, 1961 -- SB VIII 9825 -- Daris S, Aeg.42 (1962) 319 (l. 6)Hickey TM, Papyrologica Lugduno-Batava 33 (2008) p. 348-350 (date)	SB:8:9825			"
201	P.Oslo III	Eitrem S-Amundsen L	1936	163				Eitrem S-Amundsen L, P.Oslo III, 163, 1936				"
202	P.Oslo III	Eitrem S-Amundsen L	1936	164				Eitrem S-Amundsen L, P.Oslo III, 164, 1936				"
203	P.Oslo III	Eitrem S-Amundsen L	1936	165				Eitrem S-Amundsen L, P.Oslo III, 165, 1936				"
204	P.Oslo III	Eitrem S-Amundsen L	1936	72			Schmidt KFW, Philologische Wochenschrift 58 (1938), p. 299 (l. 8f, 11f, 13)	Eitrem S-Amundsen L, P.Oslo III, 72, 1936 -- Schmidt KFW, Philologische Wochenschrift 58 (1938), p. 299 (l. 8f, 11f, 13)	p.oslo;3;72			"
205	P.Oslo III	Eitrem S-Amundsen L	1936	88			Schmidt KFW, Philologische Wochenschrift 58 (1938) p. 300 (l. 13, 25f.)West LC-Johnson AC, Currency in Roman and Byzantine Egypt , 1944, p.159 (l.19)Amundsen L, P. Panop. Beatty, p.128, note to l. 379 (l. 17)Bagnall RS-Sijpestein J, ZPE 24 (1977) p. 123 (Date)BL 12, p. 132 (place)Drew-Bear M, Le nome Hermopolite, 1979, p 58 (l.13)P.Oxy. 48, 3423, note to l.19-20 (l 25)P.Oxy. 48, p. 76 (l. 38)	Eitrem S-Amundsen L, P.Oslo III, 88, 1936 -- Schmidt KFW, Philologische Wochenschrift 58 (1938) p. 300 (l. 13, 25f.)West LC-Johnson AC, Currency in Roman and Byzantine Egypt , 1944, p.159 (l.19)Amundsen L, P. Panop. Beatty, p.128, note to l. 379 (l. 17)Bagnall RS-Sijpestein J, ZPE 24 (1977) p. 123 (Date)BL 12, p. 132 (place)Drew-Bear M, Le nome Hermopolite, 1979, p 58 (l.13)P.Oxy. 48, 3423, note to l.19-20 (l 25)P.Oxy. 48, p. 76 (l. 38)	p.oslo;3;88			"
206	P.Oslo III	Eitrem S-Amundsen L	1936	119	Pl. IX		Youtie HC, ZPE 38 (1980) p. 291 (l.3)	Eitrem S-Amundsen L, P.Oslo III, 119, 1936, Pl. IX -- Youtie HC, ZPE 38 (1980) p. 291 (l.3)	p.oslo;3;119			"
207	P.Oslo II	Eitrem S-Amundsen L	1931	44			P.Oxy. 55, 3790, l. 7 (l.1)	Eitrem S-Amundsen L, P.Oslo II, 44, 1931 -- P.Oxy. 55, 3790, l. 7 (l.1)	p.oslo;2;44			"
208	JEA 17	Eitrem S	1931	44-47	Pl.VI	SB V 7555		Eitrem S, JEA 17, 44-47, 1931, Pl.VI -- SB V 7555	SB:5:7555			"
209	P.Oslo III	Eitrem S-Amundsen L	1936	129				Eitrem S-Amundsen L, P.Oslo III, 129, 1936	p.oslo;3;129			"
210	P.Oslo III 	Eitrem S-Amundsen L	1936	85				Eitrem S-Amundsen L, P.Oslo III , 85, 1936				"
211	P.Oslo III	Eitrem S-Amudsen L	1936	135				Eitrem S-Amudsen L, P.Oslo III, 135, 1936	p.oslo;3;135			"
212	P.Oslo III	Eitrem S-Amundsen L	1936	110				Eitrem S-Amundsen L, P.Oslo III, 110, 1936	p.oslo;3;110			"
213	P.Oslo III	Eitrem S-Amundsen L	1936	121				Eitrem S-Amundsen L, P.Oslo III, 121, 1936	p.oslo;3;121			"
214	P.Oslo III	Eitrem S-Amundsen L	1936	179				Eitrem S-Amundsen L, P.Oslo III, 179, 1936	p.oslo;3;179			"
215	P.Oslo III	Eitrem S-Amundsen L	1936	126				Eitrem S-Amundsen L, P.Oslo III, 126, 1936	p.oslo;3;126			"
216	P.Oslo III	Eitrem S-Amudsen L	1936	193				Eitrem S-Amudsen L, P.Oslo III, 193, 1936	p.oslo;3;193			"
217	P.Oslo III	Eitrem S-Amundsen L	1936	195				Eitrem S-Amundsen L, P.Oslo III, 195, 1936	p.oslo;3;195			"
218	P.Oslo III	Eitrem S-Amundsen L	1936	190				Eitrem S-Amundsen L, P.Oslo III, 190, 1936	p.oslo;3;190			"
219	P.Oslo II	Eitrem S-Amundsen L	1931	11				Eitrem S-Amundsen L, P.Oslo II, 11, 1931	p.oslo;2;11			"
220	P.Oslo II	Eitrem S-Amundsen L	1931	13	P.Oslo II Plates (Plate II)			Eitrem S-Amundsen L, P.Oslo II, 13, 1931, P.Oslo II Plates (Plate II)	p.oslo;2;13			"
221	P.Oslo II	Eitrem S-Amundsen L	1931	14	P.Oslo II Plates (Plate I)			Eitrem S-Amundsen L, P.Oslo II, 14, 1931, P.Oslo II Plates (Plate I)	p.oslo;2;14			"
222	P.Oslo II	Eitrem S-Amundsen L	1931	16	P.Oslo II Plates (Plate I)			Eitrem S-Amundsen L, P.Oslo II, 16, 1931, P.Oslo II Plates (Plate I)	p.oslo;2;16			"
223	P.Oslo II	Eotrem S-Amundsen L	1931	27				Eotrem S-Amundsen L, P.Oslo II, 27, 1931	p.oslo;2;27			"
224	P.Oslo II	Eitrem S-Amundsen L	1931	45				Eitrem S-Amundsen L, P.Oslo II, 45, 1931	p.oslo;2;45			"
225	P.Oslo II	Eitrem S-Amundsen L	1931	46				Eitrem S-Amundsen L, P.Oslo II, 46, 1931	p.oslo;2;46			"
226	P.Oslo II	Eitrem S-Amundsen L	1931	46				Eitrem S-Amundsen L, P.Oslo II, 46, 1931	p.oslo;2;46			"
227	P.Oslo III	Eitrem S-Amundsen L	1936	196				Eitrem S-Amundsen L, P.Oslo III, 196, 1936	p.oslo;3;196			"
228	P.Oslo III	Eitrem S-Amundsen L	1936	93				Eitrem S-Amundsen L, P.Oslo III, 93, 1936	p.oslo;3;93			"
229	P.Oslo III	Eitrem S-Amudsen L	1936	136				Eitrem S-Amudsen L, P.Oslo III, 136, 1936	p.oslo;3;136			"
230	P.Oslo III	Eitrem S-Amundsen L	1936	139				Eitrem S-Amundsen L, P.Oslo III, 139, 1936	p.oslo;3;139			"
231	P.Oslo III	Eitrem S-Amundsen L	1936	154				Eitrem S-Amundsen L, P.Oslo III, 154, 1936	p.oslo;3;154			"
232	P.Oslo III	Eitrem S-Amundsen L	1936	127				Eitrem S-Amundsen L, P.Oslo III, 127, 1936	p.oslo;3;127			"
233	P.Oslo III	Eitrem S-Amundsen L	1936	107				Eitrem S-Amundsen L, P.Oslo III, 107, 1936	p.oslo;3;107			"
234	P.Olso III	Eitrem S-Amundsen L	1936	109				Eitrem S-Amundsen L, P.Olso III, 109, 1936	p.oslo;3;109			"
235	P.Oslo III	Eitrem S-Amundsen L	1936	75				Eitrem S-Amundsen L, P.Oslo III, 75, 1936	p.oslo;3;75			"
236	P.Oslo III	Eitrem S-Amundsen L	1936	82				Eitrem S-Amundsen L, P.Oslo III, 82, 1936	p.oslo;3;82			"
237	P.Oslo III	Eitrem S-Amundsen L	1936	150				Eitrem S-Amundsen L, P.Oslo III, 150, 1936	p.oslo;3;150			"
