"publication_id","creator_id","posisjon","role"
1,1,1,["forfatter"]
2,2,1,["forfatter"]
902,3,2,["redaktør"]
3,3,2,["redaktør"]
3,1,1,["redaktør"]
4,1,1,["redaktør"]
52,28,1,["redaktør"]
6,6,1,["forfatter"]
21,23,1,["forfatter"]
20,5,1,["redaktør"]
31,29,1,["forfatter"]
9,10,1,["forfatter"]
10,11,1,["redaktør"]
30,12,1,["forfatter"]
12,13,1,["forfatter"]
13,18,5,["redaktør"]
13,17,4,["redaktør"]
13,16,3,["redaktør"]
13,15,2,["redaktør"]
13,14,1,["redaktør"]
14,5,1,["redaktør"]
19,28,4,["redaktør"]
1098,660,1,["forfatter"]
24,25,1,["forfatter"]
18,1,1,["redaktør"]
25,26,1,["forfatter"]
26,1,1,["redaktør"]
27,27,1,["forfatter"]
28,1,1,["redaktør"]
29,28,1,["forfatter"]
60,56,1,["forfatter"]
150,8,1,["forfatter"]
340,3,2,["redaktør"]
144,5,1,["redaktør"]
67,62,1,["forfatter"]
149,108,1,["forfatter"]
147,106,1,["forfatter"]
146,105,1,["forfatter"]
145,104,1,["forfatter"]
140,12,1,["forfatter"]
148,107,1,["forfatter"]
138,103,1,["forfatter"]
139,1,1,["forfatter"]
141,13,1,["redaktør"]
365,184,1,["forfatter"]
337,168,1,["forfatter"]
354,180,1,["forfatter"]
154,110,1,["forfatter"]
153,110,1,["forfatter"]
152,109,1,["redaktør"]
151,22,1,["forfatter"]
47,24,1,["forfatter"]
48,49,1,["forfatter"]
50,50,1,["forfatter"]
51,51,1,["forfatter"]
53,52,1,["forfatter"]
61,58,2,["forfatter"]
58,54,1,["forfatter"]
59,55,1,["forfatter"]
57,53,1,["forfatter"]
61,57,1,["forfatter"]
62,60,2,["forfatter"]
62,59,1,["forfatter"]
63,59,1,["forfatter"]
63,60,2,["forfatter"]
63,61,3,["forfatter"]
64,61,3,["forfatter"]
64,60,2,["forfatter"]
64,59,1,["forfatter"]
65,62,1,["forfatter"]
66,33,1,["forfatter"]
68,63,1,["forfatter"]
69,64,1,["forfatter"]
70,65,1,["forfatter"]
70,66,2,["forfatter"]
71,67,1,["forfatter"]
72,3,1,["forfatter"]
73,1,2,["redaktør"]
73,68,1,["redaktør"]
74,24,1,["redaktør"]
75,24,1,["forfatter"]
76,69,1,["forfatter"]
77,70,1,["forfatter"]
78,71,1,["forfatter"]
79,72,1,["forfatter"]
80,73,1,["forfatter"]
81,74,1,["forfatter"]
82,75,1,["forfatter"]
83,76,1,["forfatter"]
84,77,1,["forfatter"]
85,78,1,["forfatter"]
86,79,1,["forfatter"]
87,80,1,["forfatter"]
88,81,1,["forfatter"]
89,82,1,["forfatter"]
90,31,1,["forfatter"]
91,83,1,["forfatter"]
92,84,1,["forfatter"]
93,85,1,["forfatter"]
94,86,1,["forfatter"]
95,28,1,["forfatter"]
96,28,2,["forfatter"]
96,79,1,["forfatter"]
97,79,1,["forfatter"]
98,79,1,["forfatter"]
99,79,1,["forfatter"]
100,79,1,["forfatter"]
101,79,1,["forfatter"]
102,79,1,["forfatter"]
103,79,1,["forfatter"]
104,79,1,["forfatter"]
105,79,1,["forfatter"]
106,79,1,["forfatter"]
107,28,1,["forfatter"]
143,87,1,["forfatter"]
109,28,1,["forfatter"]
110,88,1,["forfatter"]
111,28,1,["forfatter"]
112,89,1,["forfatter"]
113,87,1,["forfatter"]
114,90,1,["forfatter"]
115,28,1,["forfatter"]
116,28,1,["redaktør"]
118,92,2,["redaktør"]
118,91,1,["redaktør"]
119,91,1,["redaktør"]
119,92,2,["redaktør"]
120,92,2,["redaktør"]
121,94,1,["forfatter"]
122,95,1,["forfatter"]
123,92,1,["forfatter"]
124,96,1,["forfatter"]
125,3,1,["forfatter"]
126,97,1,["forfatter"]
411,214,1,["forfatter"]
407,5,2,["forfatter"]
405,211,1,["forfatter"]
378,27,1,["forfatter"]
397,5,2,["redaktør"]
394,24,1,["forfatter"]
373,3,1,["forfatter"]
334,27,1,["forfatter"]
381,194,1,["forfatter"]
359,3,2,["redaktør"]
361,3,2,["redaktør"]
386,150,1,["forfatter"]
347,175,1,["forfatter"]
408,90,1,["redaktør"]
360,3,2,["redaktør"]
403,209,1,["forfatter"]
350,177,1,["forfatter"]
406,212,1,["forfatter"]
366,188,1,["forfatter"]
336,167,1,["forfatter"]
353,179,1,["forfatter"]
392,202,1,["forfatter"]
380,150,1,["forfatter"]
375,27,1,["forfatter"]
333,165,1,["forfatter"]
371,190,1,["forfatter"]
387,198,1,["forfatter"]
372,3,2,["redaktør"]
341,172,1,["forfatter"]
391,201,1,["forfatter"]
351,135,1,["forfatter"]
410,104,1,["forfatter"]
364,180,1,["forfatter"]
348,163,1,["forfatter"]
357,183,1,["forfatter"]
402,28,1,["forfatter"]
335,166,1,["forfatter"]
344,165,1,["forfatter"]
415,213,1,["forfatter"]
404,210,1,["forfatter"]
379,193,1,["forfatter"]
408,213,3,["redaktør"]
352,178,1,["forfatter"]
397,491,1,["redaktør"]
370,3,2,["redaktør"]
396,205,1,["forfatter"]
358,184,1,["forfatter"]
363,181,1,["forfatter"]
407,491,1,["forfatter"]
398,491,1,["forfatter"]
356,182,1,["forfatter"]
342,3,2,["redaktør"]
369,189,1,["forfatter"]
413,216,1,["forfatter"]
409,5,1,["forfatter"]
398,5,2,["forfatter"]
383,195,1,["forfatter"]
389,200,1,["forfatter"]
388,199,1,["forfatter"]
346,174,1,["forfatter"]
401,208,1,["forfatter"]
220,152,1,["forfatter"]
343,27,1,["forfatter"]
362,188,1,["forfatter"]
390,126,1,["forfatter"]
395,204,1,["forfatter"]
385,197,1,["forfatter"]
355,181,1,["forfatter"]
345,173,1,["forfatter"]
376,179,1,["forfatter"]
1129,684,2,["redaktør"]
384,3,2,["redaktør"]
393,203,1,["forfatter"]
374,50,1,["forfatter"]
400,207,1,["forfatter"]
382,24,1,["forfatter"]
408,5,2,["redaktør"]
377,192,1,["forfatter"]
338,169,1,["forfatter"]
412,215,1,["forfatter"]
414,217,1,["forfatter"]
339,170,1,["forfatter"]
349,176,1,["forfatter"]
367,189,1,["forfatter"]
368,3,2,["redaktør"]
244,22,1,["forfatter"]
245,22,1,["forfatter"]
246,111,1,["forfatter"]
247,111,1,["forfatter"]
248,3,2,["redaktør"]
249,112,1,["forfatter"]
250,3,2,["redaktør"]
251,114,1,["forfatter"]
252,114,1,["forfatter"]
253,115,1,["forfatter"]
254,116,1,["forfatter"]
255,117,1,["forfatter"]
256,67,1,["forfatter"]
257,3,1,["forfatter"]
258,12,1,["forfatter"]
259,118,1,["forfatter"]
260,118,1,["forfatter"]
261,119,1,["forfatter"]
262,120,1,["forfatter"]
263,121,1,["forfatter"]
264,122,1,["forfatter"]
265,123,1,["forfatter"]
266,123,1,["forfatter"]
267,124,1,["forfatter"]
268,125,1,["forfatter"]
269,125,1,["forfatter"]
1101,147,1,["forfatter"]
271,3,2,["redaktør"]
272,127,1,["forfatter"]
273,128,1,["forfatter"]
274,128,1,["forfatter"]
275,128,1,["forfatter"]
276,129,1,["forfatter"]
277,130,1,["forfatter"]
278,1,1,["forfatter"]
279,3,2,["redaktør"]
280,1,1,["forfatter"]
281,131,1,["forfatter"]
282,132,1,["forfatter"]
283,133,1,["forfatter"]
284,134,1,["forfatter"]
285,134,1,["forfatter"]
286,134,1,["forfatter"]
287,134,1,["forfatter"]
288,27,1,["forfatter"]
289,135,1,["forfatter"]
290,135,1,["forfatter"]
291,136,1,["forfatter"]
292,137,1,["forfatter"]
293,138,1,["forfatter"]
294,139,1,["forfatter"]
295,139,1,["forfatter"]
296,140,1,["forfatter"]
297,141,1,["forfatter"]
298,142,1,["forfatter"]
299,143,1,["forfatter"]
300,144,1,["forfatter"]
301,145,1,["forfatter"]
302,146,1,["forfatter"]
303,147,1,["forfatter"]
304,148,1,["forfatter"]
305,149,1,["forfatter"]
306,150,1,["forfatter"]
307,151,1,["forfatter"]
308,8,1,["forfatter"]
991,586,1,["forfatter"]
310,3,2,["redaktør"]
311,153,1,["forfatter"]
312,154,1,["forfatter"]
313,154,1,["forfatter"]
314,3,2,["redaktør"]
315,154,1,["forfatter"]
316,155,1,["forfatter"]
317,155,1,["forfatter"]
318,156,1,["forfatter"]
319,156,1,["forfatter"]
320,156,1,["forfatter"]
321,156,1,["forfatter"]
322,157,1,["forfatter"]
323,3,2,["redaktør"]
324,159,1,["forfatter"]
325,160,1,["forfatter"]
326,161,1,["forfatter"]
327,162,1,["forfatter"]
328,162,1,["forfatter"]
329,3,2,["redaktør"]
330,163,1,["forfatter"]
331,164,1,["forfatter"]
332,3,2,["redaktør"]
416,54,1,["forfatter"]
417,218,1,["forfatter"]
418,220,3,["redaktør"]
418,219,2,["redaktør"]
418,5,1,["redaktør"]
419,219,1,["forfatter"]
420,5,1,["forfatter"]
421,221,1,["forfatter"]
422,222,1,["forfatter"]
423,223,1,["forfatter"]
424,224,1,["forfatter"]
425,210,1,["forfatter"]
426,29,1,["forfatter"]
427,225,1,["forfatter"]
428,53,1,["forfatter"]
429,28,1,["forfatter"]
430,226,1,["redaktør"]
430,227,2,["redaktør"]
431,227,2,["redaktør"]
432,28,1,["forfatter"]
433,2,1,["forfatter"]
282,142,2,["forfatter"]
435,229,1,["forfatter"]
436,227,1,["forfatter"]
437,230,1,["forfatter"]
439,1,1,["redaktør"]
440,1,1,["forfatter"]
441,1,1,["forfatter"]
442,231,1,["forfatter"]
443,231,1,["forfatter"]
444,232,1,["forfatter"]
445,233,1,["forfatter"]
446,234,1,["forfatter"]
447,235,1,["forfatter"]
448,231,1,["forfatter"]
449,236,1,["forfatter"]
450,237,1,["forfatter"]
451,238,1,["forfatter"]
452,1,1,["forfatter"]
453,239,3,["forfatter"]
453,240,2,["forfatter"]
453,5,1,["forfatter"]
1001,358,1,["forfatter"]
456,241,1,["forfatter"]
457,242,2,["redaktør"]
457,64,1,["redaktør"]
458,243,1,["forfatter"]
459,64,1,["redaktør"]
460,245,2,["redaktør"]
460,244,1,["redaktør"]
461,24,1,["forfatter"]
462,248,3,["redaktør"]
462,247,2,["redaktør"]
462,246,1,["redaktør"]
463,249,1,["forfatter"]
464,250,1,["forfatter"]
465,251,1,["forfatter"]
466,24,1,["forfatter"]
467,24,1,["forfatter"]
468,58,1,["forfatter"]
469,253,1,["forfatter"]
470,254,1,["forfatter"]
471,254,1,["forfatter"]
472,255,1,["forfatter"]
473,256,1,["forfatter"]
474,257,1,["redaktør"]
475,257,1,["redaktør"]
476,258,1,["forfatter"]
477,1,1,["redaktør"]
478,1,1,["redaktør"]
479,119,1,["forfatter"]
480,260,1,["forfatter"]
481,1,1,["redaktør"]
482,24,1,["forfatter"]
483,1,1,["forfatter"]
484,261,1,["forfatter"]
485,262,1,["forfatter"]
486,263,1,["forfatter"]
487,67,1,["forfatter"]
488,141,1,["forfatter"]
489,204,1,["forfatter"]
490,264,1,["forfatter"]
491,1,1,["redaktør"]
492,265,1,["forfatter"]
493,156,1,["forfatter"]
494,266,1,["forfatter"]
495,1,1,["redaktør"]
496,267,1,["forfatter"]
497,268,1,["forfatter"]
498,269,1,["forfatter"]
499,228,1,["forfatter"]
500,1,1,["forfatter"]
501,232,1,["forfatter"]
502,240,1,["forfatter"]
503,270,1,["forfatter"]
504,271,1,["forfatter"]
505,3,1,["forfatter"]
507,272,1,["forfatter"]
508,24,1,["forfatter"]
911,59,1,["forfatter"]
510,152,1,["forfatter"]
511,89,1,["forfatter"]
512,273,1,["forfatter"]
513,236,1,["forfatter"]
514,21,1,["forfatter"]
433,228,2,["forfatter"]
516,274,1,["forfatter"]
517,1,1,["forfatter"]
518,1,1,["redaktør"]
520,275,1,["forfatter"]
479,1,1,["redaktør"]
917,246,1,["redaktør"]
477,3,1,["forfatter"]
522,103,1,["forfatter"]
523,277,1,["redaktør"]
524,278,1,["forfatter"]
525,279,1,["forfatter"]
526,123,1,["forfatter"]
527,280,1,["redaktør"]
527,281,2,["redaktør"]
528,282,1,["forfatter"]
529,192,1,["forfatter"]
530,283,1,["forfatter"]
531,284,1,["redaktør"]
532,284,1,["redaktør"]
534,285,1,["forfatter"]
535,108,1,["forfatter"]
536,286,1,["forfatter"]
539,287,1,["forfatter"]
540,103,1,["forfatter"]
541,103,1,["forfatter"]
542,288,1,["forfatter"]
542,289,2,["forfatter"]
543,291,2,["redaktør"]
543,290,1,["redaktør"]
544,290,1,["forfatter"]
545,292,1,["forfatter"]
546,293,1,["forfatter"]
547,58,1,["forfatter"]
548,260,1,["forfatter"]
549,260,1,["forfatter"]
550,294,1,["forfatter"]
551,295,1,["forfatter"]
552,295,1,["forfatter"]
553,296,1,["forfatter"]
554,297,1,["forfatter"]
555,298,1,["redaktør"]
556,299,1,["forfatter"]
557,299,1,["forfatter"]
558,300,1,["forfatter"]
559,302,2,["forfatter"]
559,301,1,["forfatter"]
560,303,1,["forfatter"]
561,304,1,["forfatter"]
562,305,1,["forfatter"]
563,306,1,["forfatter"]
564,307,1,["forfatter"]
565,307,1,["forfatter"]
566,16,1,["forfatter"]
567,308,1,["forfatter"]
568,265,1,["forfatter"]
569,309,1,["forfatter"]
570,309,1,["forfatter"]
571,310,1,["forfatter"]
572,41,1,["forfatter"]
573,41,1,["forfatter"]
574,41,1,["forfatter"]
575,9,1,["forfatter"]
576,153,1,["forfatter"]
577,311,1,["forfatter"]
579,312,1,["forfatter"]
580,256,1,["forfatter"]
581,168,1,["redaktør"]
581,313,2,["redaktør"]
582,256,1,["forfatter"]
583,315,2,["forfatter"]
583,314,1,["forfatter"]
584,316,1,["redaktør"]
584,317,2,["redaktør"]
585,243,1,["forfatter"]
586,243,1,["forfatter"]
587,243,1,["forfatter"]
589,319,1,["forfatter"]
590,320,1,["forfatter"]
591,321,1,["forfatter"]
592,163,1,["forfatter"]
594,227,1,["forfatter"]
595,228,1,["forfatter"]
596,230,1,["forfatter"]
597,322,1,["forfatter"]
598,28,1,["forfatter"]
600,1,1,["forfatter"]
601,323,1,["forfatter"]
602,21,2,["forfatter"]
602,19,1,["forfatter"]
603,324,1,["forfatter"]
604,103,1,["forfatter"]
605,325,1,["forfatter"]
606,232,1,["forfatter"]
607,27,1,["forfatter"]
608,103,1,["forfatter"]
609,327,2,["forfatter"]
609,326,1,["forfatter"]
610,328,1,["forfatter"]
611,329,1,["forfatter"]
612,331,1,["forfatter"]
613,332,1,["redaktør"]
613,333,2,["redaktør"]
613,334,3,["redaktør"]
613,335,4,["redaktør"]
614,158,1,["forfatter"]
615,337,2,["forfatter"]
615,336,1,["forfatter"]
616,338,1,["forfatter"]
617,64,1,["forfatter"]
618,340,2,["forfatter"]
618,339,1,["forfatter"]
619,186,1,["forfatter"]
620,15,1,["forfatter"]
621,341,1,["forfatter"]
622,342,1,["forfatter"]
623,343,1,["forfatter"]
624,344,1,["forfatter"]
625,24,1,["forfatter"]
626,345,2,["forfatter"]
626,326,1,["forfatter"]
627,1,1,["redaktør"]
627,348,1,["forfatter"]
628,347,1,["forfatter"]
631,349,1,["forfatter"]
1138,693,5,["redaktør"]
632,350,1,["forfatter"]
633,123,1,["forfatter"]
634,351,1,["forfatter"]
635,246,1,["forfatter"]
636,352,1,["forfatter"]
637,136,1,["forfatter"]
638,5,1,["forfatter"]
639,353,1,["forfatter"]
640,5,1,["forfatter"]
641,354,1,["forfatter"]
642,355,1,["redaktør"]
643,355,1,["redaktør"]
644,282,1,["forfatter"]
645,356,1,["forfatter"]
646,282,1,["forfatter"]
647,357,1,["forfatter"]
648,358,1,["forfatter"]
649,283,1,["forfatter"]
650,359,1,["forfatter"]
651,126,1,["forfatter"]
652,361,2,["forfatter"]
652,360,1,["forfatter"]
653,362,1,["forfatter"]
654,363,1,["redaktør"]
655,364,1,["forfatter"]
656,290,1,["forfatter"]
657,365,1,["forfatter"]
658,366,1,["forfatter"]
659,5,1,["forfatter"]
660,367,1,["forfatter"]
661,359,1,["forfatter"]
662,286,1,["forfatter"]
664,367,1,["forfatter"]
666,27,1,["forfatter"]
667,12,1,["forfatter"]
668,368,1,["forfatter"]
669,369,1,["forfatter"]
670,184,1,["forfatter"]
671,370,1,["forfatter"]
672,35,1,["redaktør"]
673,35,1,["redaktør"]
673,36,2,["redaktør"]
673,37,3,["redaktør"]
674,371,1,["forfatter"]
675,219,1,["forfatter"]
677,372,1,["forfatter"]
678,337,1,["forfatter"]
679,373,1,["forfatter"]
680,374,1,["forfatter"]
681,232,1,["forfatter"]
682,232,3,["forfatter"]
682,376,2,["forfatter"]
682,375,1,["forfatter"]
683,377,1,["forfatter"]
684,377,1,["forfatter"]
685,378,1,["forfatter"]
686,353,1,["forfatter"]
687,379,1,["forfatter"]
688,380,1,["forfatter"]
689,381,1,["forfatter"]
690,382,1,["forfatter"]
691,383,1,["forfatter"]
692,384,1,["forfatter"]
693,385,1,["forfatter"]
694,387,2,["forfatter"]
694,386,1,["forfatter"]
695,386,1,["forfatter"]
696,124,1,["forfatter"]
697,388,1,["forfatter"]
698,389,1,["forfatter"]
699,390,1,["forfatter"]
700,193,1,["forfatter"]
701,391,1,["redaktør"]
702,392,1,["forfatter"]
703,393,1,["forfatter"]
704,394,1,["forfatter"]
705,395,1,["forfatter"]
706,391,1,["redaktør"]
707,396,1,["forfatter"]
708,397,1,["forfatter"]
709,398,1,["forfatter"]
710,399,1,["forfatter"]
1138,407,4,["redaktør"]
711,399,1,["forfatter"]
712,401,1,["forfatter"]
1097,38,1,["forfatter"]
714,34,1,["forfatter"]
715,162,1,["redaktør"]
716,402,1,["forfatter"]
717,133,1,["redaktør"]
718,403,1,["forfatter"]
719,404,1,["redaktør"]
719,405,2,["redaktør"]
719,134,3,["redaktør"]
720,406,1,["forfatter"]
721,191,1,["forfatter"]
722,207,1,["forfatter"]
724,171,1,["forfatter"]
725,407,1,["forfatter"]
726,408,1,["forfatter"]
727,243,1,["forfatter"]
728,204,1,["forfatter"]
729,409,1,["forfatter"]
730,410,1,["forfatter"]
731,411,1,["forfatter"]
732,412,1,["forfatter"]
733,413,1,["forfatter"]
734,414,1,["forfatter"]
735,415,1,["forfatter"]
736,416,1,["forfatter"]
737,338,1,["forfatter"]
738,41,1,["forfatter"]
739,41,1,["forfatter"]
740,417,1,["forfatter"]
741,418,1,["forfatter"]
742,419,1,["forfatter"]
743,420,1,["forfatter"]
744,245,1,["forfatter"]
745,67,1,["forfatter"]
746,421,1,["forfatter"]
747,114,1,["forfatter"]
748,422,1,["forfatter"]
749,24,1,["forfatter"]
750,103,1,["forfatter"]
751,87,1,["forfatter"]
752,423,1,["forfatter"]
753,424,1,["forfatter"]
754,425,1,["forfatter"]
755,426,1,["forfatter"]
756,427,1,["forfatter"]
757,428,1,["forfatter"]
758,421,1,["forfatter"]
759,429,1,["forfatter"]
760,430,1,["forfatter"]
762,431,1,["redaktør"]
762,432,2,["redaktør"]
762,433,3,["redaktør"]
763,433,3,["redaktør"]
764,434,1,["forfatter"]
765,435,1,["forfatter"]
766,114,1,["forfatter"]
767,436,1,["forfatter"]
478,259,1,["forfatter"]
768,67,1,["redaktør"]
769,121,1,["forfatter"]
1096,470,1,["forfatter"]
771,438,1,["forfatter"]
772,439,1,["redaktør"]
772,440,2,["redaktør"]
773,441,1,["forfatter"]
774,442,1,["forfatter"]
774,443,1,["redaktør"]
775,332,1,["forfatter"]
775,333,2,["forfatter"]
777,444,1,["forfatter"]
779,115,1,["forfatter"]
780,445,1,["forfatter"]
781,446,1,["forfatter"]
782,52,1,["forfatter"]
783,447,1,["forfatter"]
784,448,1,["forfatter"]
785,449,1,["forfatter"]
786,44,1,["forfatter"]
786,45,2,["forfatter"]
786,47,3,["forfatter"]
786,48,4,["forfatter"]
787,197,1,["forfatter"]
788,450,1,["forfatter"]
789,451,1,["forfatter"]
790,204,1,["forfatter"]
791,28,1,["forfatter"]
792,452,1,["forfatter"]
793,453,1,["forfatter"]
794,221,1,["forfatter"]
795,454,1,["forfatter"]
796,455,1,["forfatter"]
797,456,1,["forfatter"]
798,457,1,["forfatter"]
799,458,1,["forfatter"]
800,459,1,["forfatter"]
801,460,1,["forfatter"]
801,461,2,["forfatter"]
802,27,1,["forfatter"]
803,463,2,["forfatter"]
803,462,1,["forfatter"]
804,464,1,["forfatter"]
805,465,1,["forfatter"]
806,64,1,["forfatter"]
807,377,1,["forfatter"]
808,435,1,["forfatter"]
809,466,1,["forfatter"]
810,467,1,["redaktør"]
811,64,1,["redaktør"]
812,468,1,["forfatter"]
813,469,1,["redaktør"]
813,397,2,["redaktør"]
813,470,3,["redaktør"]
813,471,4,["redaktør"]
814,64,1,["redaktør"]
815,472,1,["forfatter"]
816,413,1,["forfatter"]
817,27,1,["forfatter"]
818,64,1,["redaktør"]
818,473,2,["redaktør"]
819,474,1,["forfatter"]
820,475,1,["forfatter"]
821,476,1,["forfatter"]
822,477,1,["forfatter"]
823,478,1,["forfatter"]
824,480,2,["forfatter"]
824,479,1,["forfatter"]
825,181,1,["forfatter"]
826,186,1,["forfatter"]
827,186,1,["forfatter"]
828,186,1,["forfatter"]
829,481,1,["forfatter"]
830,482,1,["forfatter"]
831,482,1,["forfatter"]
832,483,1,["forfatter"]
833,484,1,["forfatter"]
834,197,1,["forfatter"]
835,485,1,["forfatter"]
836,486,1,["forfatter"]
837,487,1,["forfatter"]
838,488,1,["forfatter"]
1095,626,1,["forfatter"]
841,489,1,["forfatter"]
842,490,1,["forfatter"]
843,491,1,["forfatter"]
844,492,1,["forfatter"]
845,271,1,["forfatter"]
846,413,1,["forfatter"]
847,493,1,["forfatter"]
848,494,1,["forfatter"]
849,495,1,["forfatter"]
850,496,1,["forfatter"]
851,497,1,["forfatter"]
852,498,1,["forfatter"]
853,142,1,["forfatter"]
854,367,1,["forfatter"]
855,493,1,["forfatter"]
856,149,1,["forfatter"]
857,499,1,["forfatter"]
858,500,1,["forfatter"]
859,501,1,["forfatter"]
860,19,1,["forfatter"]
861,128,1,["forfatter"]
862,128,1,["forfatter"]
863,502,1,["forfatter"]
864,503,1,["forfatter"]
865,504,1,["forfatter"]
866,505,1,["forfatter"]
867,506,1,["forfatter"]
868,507,1,["forfatter"]
869,508,1,["forfatter"]
870,1,1,["forfatter"]
871,141,1,["forfatter"]
872,37,1,["forfatter"]
873,509,1,["forfatter"]
874,195,1,["forfatter"]
875,162,1,["forfatter"]
876,510,1,["forfatter"]
877,511,1,["forfatter"]
878,512,1,["forfatter"]
879,513,1,["forfatter"]
880,229,1,["forfatter"]
881,491,1,["forfatter"]
882,514,1,["forfatter"]
883,515,1,["forfatter"]
884,516,1,["forfatter"]
885,392,1,["forfatter"]
886,517,1,["forfatter"]
887,518,1,["forfatter"]
888,484,1,["forfatter"]
889,519,1,["forfatter"]
890,64,1,["forfatter"]
891,520,1,["forfatter"]
892,149,1,["forfatter"]
893,521,1,["forfatter"]
894,522,1,["forfatter"]
895,523,1,["forfatter"]
896,524,1,["forfatter"]
897,48,7,["forfatter"]
897,47,6,["forfatter"]
897,46,5,["forfatter"]
897,45,4,["forfatter"]
897,44,3,["forfatter"]
897,43,2,["forfatter"]
897,42,1,["forfatter"]
898,525,1,["forfatter"]
899,526,1,["forfatter"]
900,412,1,["forfatter"]
901,149,1,["forfatter"]
902,1,1,["redaktør"]
903,527,1,["redaktør"]
904,528,1,["forfatter"]
905,32,1,["forfatter"]
906,529,1,["forfatter"]
907,530,3,["forfatter"]
907,532,2,["forfatter"]
907,531,1,["forfatter"]
908,103,1,["forfatter"]
909,454,1,["forfatter"]
910,533,1,["forfatter"]
911,60,2,["forfatter"]
911,61,3,["forfatter"]
912,534,1,["forfatter"]
913,535,1,["forfatter"]
914,536,1,["forfatter"]
915,118,1,["forfatter"]
916,171,1,["forfatter"]
917,103,1,["forfatter"]
918,537,1,["forfatter"]
919,320,1,["forfatter"]
920,1,1,["forfatter"]
921,538,1,["forfatter"]
922,539,1,["forfatter"]
923,278,1,["forfatter"]
924,540,1,["forfatter"]
925,414,1,["forfatter"]
926,541,1,["forfatter"]
927,1,1,["forfatter"]
928,540,2,["forfatter"]
928,542,1,["forfatter"]
929,543,1,["forfatter"]
930,8,1,["forfatter"]
931,310,1,["forfatter"]
932,544,1,["forfatter"]
933,358,1,["forfatter"]
934,175,1,["forfatter"]
935,547,3,["forfatter"]
935,546,2,["forfatter"]
935,545,1,["forfatter"]
936,262,1,["forfatter"]
937,103,1,["forfatter"]
938,542,1,["forfatter"]
939,186,1,["forfatter"]
940,548,1,["forfatter"]
941,197,1,["forfatter"]
942,549,1,["forfatter"]
943,551,2,["redaktør"]
943,550,1,["redaktør"]
945,92,1,["forfatter"]
946,201,1,["forfatter"]
947,552,1,["forfatter"]
948,553,1,["forfatter"]
949,93,1,["forfatter"]
950,540,1,["forfatter"]
951,263,1,["forfatter"]
951,357,2,["forfatter"]
951,554,3,["forfatter"]
952,555,1,["forfatter"]
953,248,1,["forfatter"]
954,556,1,["forfatter"]
955,557,1,["forfatter"]
955,338,2,["forfatter"]
956,558,1,["forfatter"]
956,386,2,["forfatter"]
957,559,1,["forfatter"]
957,560,2,["forfatter"]
958,561,1,["forfatter"]
959,562,1,["forfatter"]
960,563,1,["forfatter"]
1109,667,1,["forfatter"]
961,565,1,["redaktør"]
962,566,1,["forfatter"]
963,39,1,["forfatter"]
964,567,1,["forfatter"]
965,568,1,["forfatter"]
966,569,1,["forfatter"]
967,570,1,["forfatter"]
968,262,1,["forfatter"]
969,571,1,["forfatter"]
970,572,1,["forfatter"]
971,256,3,["forfatter"]
971,168,4,["forfatter"]
971,57,1,["forfatter"]
971,58,2,["forfatter"]
972,573,1,["forfatter"]
973,574,1,["forfatter"]
974,575,1,["forfatter"]
975,576,1,["forfatter"]
976,277,1,["forfatter"]
977,256,1,["forfatter"]
978,256,1,["forfatter"]
979,188,1,["forfatter"]
980,577,1,["forfatter"]
981,578,1,["forfatter"]
982,579,1,["forfatter"]
983,580,1,["forfatter"]
984,168,1,["forfatter"]
985,581,1,["forfatter"]
986,582,1,["forfatter"]
987,583,1,["forfatter"]
988,584,1,["forfatter"]
989,585,1,["forfatter"]
990,530,3,["redaktør"]
992,41,1,["forfatter"]
993,587,1,["forfatter"]
993,588,2,["forfatter"]
994,8,1,["forfatter"]
995,589,1,["forfatter"]
996,590,1,["forfatter"]
997,591,1,["forfatter"]
998,592,1,["forfatter"]
999,593,1,["forfatter"]
1000,594,1,["forfatter"]
1002,358,1,["forfatter"]
1003,358,1,["forfatter"]
1004,595,1,["forfatter"]
1005,358,1,["redaktør"]
1006,596,1,["forfatter"]
1007,597,1,["forfatter"]
1008,598,1,["forfatter"]
1009,599,1,["forfatter"]
1010,600,1,["forfatter"]
1011,413,1,["forfatter"]
1012,413,1,["forfatter"]
1013,601,1,["forfatter"]
1014,602,1,["forfatter"]
1014,288,2,["forfatter"]
1015,603,1,["forfatter"]
1016,150,1,["forfatter"]
1017,604,1,["forfatter"]
1018,605,1,["forfatter"]
1019,606,1,["forfatter"]
1020,607,1,["forfatter"]
1021,608,1,["forfatter"]
1022,353,1,["forfatter"]
1023,609,1,["forfatter"]
1024,610,1,["forfatter"]
1025,611,1,["forfatter"]
1026,348,1,["forfatter"]
1027,612,1,["forfatter"]
1028,613,1,["forfatter"]
1029,614,1,["forfatter"]
1030,615,1,["forfatter"]
1031,616,1,["forfatter"]
1032,342,1,["forfatter"]
1033,617,1,["forfatter"]
1034,618,1,["forfatter"]
1035,619,1,["forfatter"]
1036,620,1,["forfatter"]
1037,621,1,["forfatter"]
1038,367,1,["forfatter"]
1039,622,1,["forfatter"]
1040,623,1,["forfatter"]
1041,624,1,["forfatter"]
1042,625,1,["forfatter"]
1043,330,1,["forfatter"]
1046,627,1,["forfatter"]
1045,40,1,["forfatter"]
1044,58,1,["forfatter"]
1047,1,1,["forfatter"]
1048,1,1,["forfatter"]
1049,628,1,["forfatter"]
1050,629,1,["forfatter"]
1051,630,1,["forfatter"]
1052,533,1,["forfatter"]
1054,631,1,["forfatter"]
1055,632,1,["forfatter"]
1056,633,1,["forfatter"]
1057,103,1,["forfatter"]
1057,634,2,["forfatter"]
1058,415,1,["forfatter"]
1059,635,1,["forfatter"]
1060,636,1,["forfatter"]
1061,637,1,["forfatter"]
1062,638,1,["forfatter"]
1063,639,1,["forfatter"]
1064,640,1,["forfatter"]
1065,641,1,["forfatter"]
1065,353,2,["forfatter"]
1065,577,3,["forfatter"]
1066,127,1,["forfatter"]
1067,642,1,["forfatter"]
1068,643,1,["forfatter"]
1069,142,1,["forfatter"]
1069,644,2,["forfatter"]
1069,338,3,["forfatter"]
1070,645,1,["forfatter"]
1071,646,1,["forfatter"]
1072,647,1,["forfatter"]
1073,227,1,["forfatter"]
1074,648,1,["forfatter"]
1075,649,1,["forfatter"]
1076,650,1,["forfatter"]
1077,651,1,["redaktør"]
1078,358,1,["forfatter"]
1079,652,1,["forfatter"]
1080,24,1,["forfatter"]
1081,453,1,["forfatter"]
1082,367,1,["forfatter"]
1083,136,1,["forfatter"]
1084,30,1,["forfatter"]
1085,290,1,["forfatter"]
1085,136,2,["forfatter"]
1085,310,3,["forfatter"]
1086,79,1,["forfatter"]
1087,202,1,["forfatter"]
1088,112,1,["forfatter"]
1168,228,2,["redaktør"]
1089,655,2,["redaktør"]
1089,654,1,["redaktør"]
1090,656,1,["forfatter"]
1091,27,1,["forfatter"]
1092,657,1,["forfatter"]
1093,658,1,["forfatter"]
1094,57,1,["forfatter"]
1094,659,2,["forfatter"]
514,19,2,["forfatter"]
256,126,2,["forfatter"]
1102,662,1,["forfatter"]
1103,663,1,["forfatter"]
1104,664,1,["forfatter"]
1106,553,1,["forfatter"]
1107,415,1,["forfatter"]
1108,665,1,["forfatter"]
1110,134,1,["forfatter"]
1111,186,1,["forfatter"]
1112,668,1,["forfatter"]
1113,132,1,["forfatter"]
1115,58,1,["forfatter"]
1116,453,1,["forfatter"]
1117,669,1,["forfatter"]
1118,670,1,["forfatter"]
1120,671,1,["forfatter"]
1121,24,1,["forfatter"]
1122,672,1,["forfatter"]
1123,302,1,["forfatter"]
1126,118,1,["forfatter"]
22,1,1,["redaktør"]
22,3,2,["redaktør"]
1125,277,1,["forfatter"]
627,346,2,["redaktør"]
137,675,2,["redaktør"]
137,674,1,["redaktør"]
533,676,1,["redaktør"]
663,678,2,["redaktør"]
663,677,1,["redaktør"]
723,191,1,["forfatter"]
776,444,1,["forfatter"]
1053,246,1,["redaktør"]
1053,248,2,["redaktør"]
1053,247,3,["redaktør"]
1099,683,1,["forfatter"]
1114,257,1,["forfatter"]
1119,680,1,["forfatter"]
523,681,2,["redaktør"]
523,367,3,["redaktør"]
523,682,4,["redaktør"]
20,5,1,["forfatter"]
20,28,4,["redaktør"]
20,348,3,["redaktør"]
20,55,2,["redaktør"]
19,55,2,["redaktør"]
19,5,1,["redaktør"]
19,348,3,["redaktør"]
1121,674,1,["redaktør"]
1121,675,2,["redaktør"]
120,91,1,["redaktør"]
120,93,1,["forfatter"]
480,1,1,["redaktør"]
481,175,1,["forfatter"]
482,1,1,["redaktør"]
483,1,1,["redaktør"]
484,1,1,["redaktør"]
485,1,1,["redaktør"]
486,1,1,["redaktør"]
487,1,1,["redaktør"]
488,1,1,["redaktør"]
489,1,1,["redaktør"]
490,1,1,["redaktør"]
18,22,1,["forfatter"]
1106,11,1,["redaktør"]
1115,11,1,["redaktør"]
146,5,1,["redaktør"]
149,5,1,["redaktør"]
150,5,1,["redaktør"]
147,5,1,["redaktør"]
148,5,1,["redaktør"]
145,5,1,["redaktør"]
144,5,1,["forfatter"]
151,5,1,["redaktør"]
352,1,1,["redaktør"]
352,3,2,["redaktør"]
376,1,1,["redaktør"]
376,3,2,["redaktør"]
353,1,1,["redaktør"]
353,3,2,["redaktør"]
377,1,1,["redaktør"]
377,3,2,["redaktør"]
354,1,1,["redaktør"]
354,3,2,["redaktør"]
333,1,1,["redaktør"]
333,3,2,["redaktør"]
378,1,1,["redaktør"]
378,3,2,["redaktør"]
355,1,1,["redaktør"]
355,3,2,["redaktør"]
334,1,1,["redaktør"]
334,3,2,["redaktør"]
379,3,2,["redaktør"]
379,1,1,["redaktør"]
356,1,1,["redaktør"]
356,3,2,["redaktør"]
335,1,1,["redaktør"]
335,3,2,["redaktør"]
380,1,1,["redaktør"]
380,3,2,["redaktør"]
388,1,1,["redaktør"]
388,3,2,["redaktør"]
357,1,1,["redaktør"]
357,3,2,["redaktør"]
336,1,1,["redaktør"]
336,3,2,["redaktør"]
381,1,1,["redaktør"]
381,3,2,["redaktør"]
389,1,1,["redaktør"]
389,3,2,["redaktør"]
358,1,1,["redaktør"]
358,3,2,["redaktør"]
337,1,1,["redaktør"]
337,3,2,["redaktør"]
382,1,1,["redaktør"]
382,3,2,["redaktør"]
390,1,1,["redaktør"]
390,3,2,["redaktør"]
359,1,1,["redaktør"]
359,185,1,["forfatter"]
338,3,2,["redaktør"]
338,1,1,["redaktør"]
383,1,1,["redaktør"]
383,3,2,["redaktør"]
391,1,1,["redaktør"]
391,3,2,["redaktør"]
360,1,1,["redaktør"]
360,186,1,["forfatter"]
339,1,1,["redaktør"]
339,3,2,["redaktør"]
384,1,1,["redaktør"]
384,196,1,["forfatter"]
392,1,1,["redaktør"]
392,3,2,["redaktør"]
361,1,1,["redaktør"]
361,187,1,["forfatter"]
340,1,1,["redaktør"]
340,171,1,["forfatter"]
385,1,1,["redaktør"]
385,3,2,["redaktør"]
393,3,2,["redaktør"]
393,1,1,["redaktør"]
362,1,1,["redaktør"]
362,3,2,["redaktør"]
341,1,1,["redaktør"]
341,3,2,["redaktør"]
386,1,1,["redaktør"]
386,3,2,["redaktør"]
322,1,1,["redaktør"]
322,3,2,["redaktør"]
363,1,1,["redaktør"]
363,3,2,["redaktør"]
342,1,1,["redaktør"]
342,96,1,["forfatter"]
387,1,1,["redaktør"]
387,3,2,["redaktør"]
364,1,1,["redaktør"]
364,3,2,["redaktør"]
343,1,1,["redaktør"]
343,3,2,["redaktør"]
367,1,1,["redaktør"]
367,3,2,["redaktør"]
365,1,1,["redaktør"]
365,3,2,["redaktør"]
344,1,1,["redaktør"]
344,3,2,["redaktør"]
368,1,1,["redaktør"]
368,184,1,["forfatter"]
366,1,1,["redaktør"]
366,3,2,["redaktør"]
345,1,1,["redaktør"]
345,3,2,["redaktør"]
369,1,1,["redaktør"]
369,3,2,["redaktør"]
394,1,1,["redaktør"]
394,3,2,["redaktør"]
346,1,1,["redaktør"]
346,3,2,["redaktør"]
370,1,1,["redaktør"]
370,118,1,["forfatter"]
395,1,1,["redaktør"]
395,3,2,["redaktør"]
347,1,1,["redaktør"]
347,3,2,["redaktør"]
371,1,1,["redaktør"]
371,3,2,["redaktør"]
396,1,1,["redaktør"]
396,3,2,["redaktør"]
348,1,1,["redaktør"]
348,3,2,["redaktør"]
372,1,1,["redaktør"]
372,191,1,["forfatter"]
349,1,1,["redaktør"]
349,3,2,["redaktør"]
373,1,1,["redaktør"]
373,3,2,["redaktør"]
350,1,1,["redaktør"]
350,3,2,["redaktør"]
374,1,1,["redaktør"]
374,3,2,["redaktør"]
351,1,1,["redaktør"]
351,3,2,["redaktør"]
375,1,1,["redaktør"]
375,3,2,["redaktør"]
507,1,1,["redaktør"]
508,1,1,["redaktør"]
510,1,1,["redaktør"]
511,1,1,["redaktør"]
512,1,1,["redaktør"]
513,1,1,["redaktør"]
514,1,1,["redaktør"]
516,1,1,["redaktør"]
517,1,1,["redaktør"]
518,3,1,["forfatter"]
27,1,1,["redaktør"]
28,28,1,["forfatter"]
107,28,1,["redaktør"]
143,28,1,["redaktør"]
109,28,1,["redaktør"]
110,28,1,["redaktør"]
111,28,1,["redaktør"]
112,28,1,["redaktør"]
113,28,1,["redaktør"]
114,28,1,["redaktør"]
115,28,1,["redaktør"]
116,5,1,["forfatter"]
1118,24,1,["redaktør"]
466,24,1,["redaktør"]
467,24,1,["redaktør"]
468,24,1,["redaktør"]
469,24,1,["redaktør"]
470,24,1,["redaktør"]
471,24,1,["redaktør"]
472,24,1,["redaktør"]
473,24,1,["redaktør"]
153,109,1,["redaktør"]
154,109,1,["redaktør"]
403,5,2,["redaktør"]
403,491,1,["redaktør"]
401,5,2,["redaktør"]
401,491,1,["redaktør"]
405,5,2,["redaktør"]
405,491,1,["redaktør"]
402,5,2,["redaktør"]
402,491,1,["redaktør"]
406,5,2,["redaktør"]
406,491,1,["redaktør"]
407,5,2,["redaktør"]
407,491,1,["redaktør"]
398,5,2,["redaktør"]
398,491,1,["redaktør"]
400,5,2,["redaktør"]
400,491,1,["redaktør"]
404,5,2,["redaktør"]
404,491,1,["redaktør"]
411,5,2,["redaktør"]
411,90,1,["redaktør"]
411,213,3,["redaktør"]
409,5,2,["redaktør"]
409,90,1,["redaktør"]
409,213,3,["redaktør"]
412,5,2,["redaktør"]
412,90,1,["redaktør"]
412,213,3,["redaktør"]
413,5,2,["redaktør"]
413,90,1,["redaktør"]
413,213,3,["redaktør"]
414,213,3,["redaktør"]
414,5,2,["redaktør"]
414,90,1,["redaktør"]
415,5,2,["redaktør"]
415,90,1,["redaktør"]
415,213,3,["redaktør"]
416,213,3,["redaktør"]
416,5,2,["redaktør"]
416,90,1,["redaktør"]
417,213,3,["redaktør"]
417,5,2,["redaktør"]
417,90,1,["redaktør"]
410,213,3,["redaktør"]
410,5,2,["redaktør"]
410,90,1,["redaktør"]
423,5,1,["redaktør"]
423,219,2,["redaktør"]
423,220,3,["redaktør"]
424,5,1,["redaktør"]
424,219,2,["redaktør"]
424,220,3,["redaktør"]
425,5,1,["redaktør"]
425,219,2,["redaktør"]
425,220,3,["redaktør"]
426,5,1,["redaktør"]
426,219,2,["redaktør"]
426,220,3,["redaktør"]
427,5,1,["redaktør"]
427,219,2,["redaktør"]
427,220,3,["redaktør"]
428,5,1,["redaktør"]
428,219,2,["redaktør"]
428,220,3,["redaktør"]
429,5,1,["redaktør"]
429,219,2,["redaktør"]
429,220,3,["redaktør"]
419,5,1,["redaktør"]
419,219,2,["redaktør"]
419,220,3,["redaktør"]
420,5,1,["redaktør"]
420,219,2,["redaktør"]
420,220,3,["redaktør"]
421,220,3,["redaktør"]
421,219,2,["redaktør"]
421,5,1,["redaktør"]
422,5,1,["redaktør"]
422,219,2,["redaktør"]
422,220,3,["redaktør"]
431,226,1,["redaktør"]
431,5,1,["forfatter"]
432,226,1,["redaktør"]
432,227,2,["redaktør"]
433,226,1,["redaktør"]
433,227,2,["redaktør"]
435,226,1,["redaktør"]
435,227,2,["redaktør"]
436,226,1,["redaktør"]
436,227,2,["redaktør"]
437,226,1,["redaktør"]
437,227,2,["redaktør"]
448,1,1,["redaktør"]
449,1,1,["redaktør"]
450,1,1,["redaktør"]
451,1,1,["redaktør"]
452,1,1,["redaktør"]
440,1,1,["redaktør"]
441,1,1,["redaktør"]
442,1,1,["redaktør"]
443,1,1,["redaktør"]
444,1,1,["redaktør"]
445,1,1,["redaktør"]
446,1,1,["redaktør"]
447,1,1,["redaktør"]
458,64,1,["redaktør"]
458,242,2,["redaktør"]
459,242,2,["redaktør"]
459,64,1,["forfatter"]
461,244,1,["redaktør"]
461,245,2,["redaktør"]
463,246,1,["redaktør"]
463,247,2,["redaktør"]
463,248,3,["redaktør"]
464,246,1,["redaktør"]
464,247,2,["redaktør"]
464,248,3,["redaktør"]
465,246,1,["redaktør"]
465,247,2,["redaktør"]
465,248,3,["redaktør"]
475,24,1,["forfatter"]
476,257,1,["redaktør"]
500,1,1,["redaktør"]
501,1,1,["redaktør"]
502,1,1,["redaktør"]
503,1,1,["redaktør"]
504,1,1,["redaktør"]
505,1,1,["redaktør"]
492,1,1,["redaktør"]
493,1,1,["redaktør"]
494,1,1,["redaktør"]
495,143,1,["forfatter"]
496,1,1,["redaktør"]
497,1,1,["redaktør"]
498,1,1,["redaktør"]
499,1,1,["redaktør"]
1123,280,1,["redaktør"]
1123,281,2,["redaktør"]
532,283,1,["forfatter"]
544,290,1,["redaktør"]
544,291,2,["redaktør"]
580,312,1,["forfatter"]
582,168,1,["redaktør"]
582,313,2,["redaktør"]
585,316,1,["redaktør"]
585,317,2,["redaktør"]
643,5,1,["forfatter"]
1117,363,1,["redaktør"]
1101,678,2,["redaktør"]
1101,677,1,["redaktør"]
672,37,3,["redaktør"]
672,36,2,["redaktør"]
672,36,1,["forfatter"]
706,10,1,["forfatter"]
1095,162,1,["redaktør"]
1112,133,1,["redaktør"]
1110,134,3,["redaktør"]
1110,404,1,["redaktør"]
1110,405,2,["redaktør"]
763,432,2,["redaktør"]
763,431,1,["redaktør"]
763,358,1,["forfatter"]
764,431,1,["redaktør"]
764,432,2,["redaktør"]
764,433,3,["redaktør"]
769,67,1,["redaktør"]
815,64,1,["redaktør"]
1096,397,2,["redaktør"]
1096,469,1,["redaktør"]
1096,470,3,["redaktør"]
1096,471,4,["redaktør"]
816,64,1,["redaktør"]
244,1,1,["redaktør"]
244,3,2,["redaktør"]
308,3,2,["redaktør"]
308,1,1,["redaktør"]
287,1,1,["redaktør"]
287,3,2,["redaktør"]
266,3,2,["redaktør"]
266,1,1,["redaktør"]
332,1,1,["redaktør"]
332,96,1,["forfatter"]
245,1,1,["redaktør"]
245,3,2,["redaktør"]
310,1,1,["redaktør"]
310,153,1,["forfatter"]
288,1,1,["redaktør"]
288,3,2,["redaktør"]
267,1,1,["redaktør"]
267,3,2,["redaktør"]
246,3,2,["redaktør"]
246,1,1,["redaktør"]
311,1,1,["redaktør"]
311,3,2,["redaktør"]
289,3,2,["redaktør"]
289,1,1,["redaktør"]
268,1,1,["redaktør"]
268,3,2,["redaktør"]
247,1,1,["redaktør"]
247,3,2,["redaktør"]
312,3,2,["redaktør"]
312,1,1,["redaktør"]
290,1,1,["redaktør"]
290,3,2,["redaktør"]
269,3,2,["redaktør"]
269,1,1,["redaktør"]
248,1,1,["redaktør"]
248,5,1,["forfatter"]
313,1,1,["redaktør"]
313,3,2,["redaktør"]
291,3,2,["redaktør"]
291,1,1,["redaktør"]
249,3,2,["redaktør"]
249,1,1,["redaktør"]
314,1,1,["redaktør"]
314,154,1,["forfatter"]
292,1,1,["redaktør"]
292,3,2,["redaktør"]
271,1,1,["redaktør"]
271,108,1,["forfatter"]
250,1,1,["redaktør"]
250,113,1,["forfatter"]
315,1,1,["redaktør"]
315,3,2,["redaktør"]
293,1,1,["redaktør"]
293,3,2,["redaktør"]
272,1,1,["redaktør"]
272,3,2,["redaktør"]
251,3,2,["redaktør"]
251,1,1,["redaktør"]
316,1,1,["redaktør"]
316,3,2,["redaktør"]
294,1,1,["redaktør"]
294,3,2,["redaktør"]
273,3,2,["redaktør"]
273,1,1,["redaktør"]
252,1,1,["redaktør"]
252,3,2,["redaktør"]
317,3,2,["redaktør"]
317,1,1,["redaktør"]
295,1,1,["redaktør"]
295,3,2,["redaktør"]
274,1,1,["redaktør"]
274,3,2,["redaktør"]
253,3,2,["redaktør"]
253,1,1,["redaktør"]
318,1,1,["redaktør"]
318,3,2,["redaktør"]
296,1,1,["redaktør"]
296,3,2,["redaktør"]
275,3,2,["redaktør"]
275,1,1,["redaktør"]
254,1,1,["redaktør"]
254,3,2,["redaktør"]
319,3,2,["redaktør"]
319,1,1,["redaktør"]
297,1,1,["redaktør"]
297,3,2,["redaktør"]
276,1,1,["redaktør"]
276,3,2,["redaktør"]
255,3,2,["redaktør"]
255,1,1,["redaktør"]
320,1,1,["redaktør"]
320,3,2,["redaktør"]
298,1,1,["redaktør"]
298,3,2,["redaktør"]
277,3,2,["redaktør"]
277,1,1,["redaktør"]
256,1,1,["redaktør"]
256,3,2,["redaktør"]
321,3,2,["redaktør"]
321,1,1,["redaktør"]
299,1,1,["redaktør"]
299,3,2,["redaktør"]
278,1,1,["redaktør"]
278,3,2,["redaktør"]
257,3,2,["redaktør"]
257,1,1,["redaktør"]
323,1,1,["redaktør"]
323,158,1,["forfatter"]
300,1,1,["redaktør"]
300,3,2,["redaktør"]
279,1,1,["redaktør"]
279,1,1,["forfatter"]
258,1,1,["redaktør"]
258,3,2,["redaktør"]
324,1,1,["redaktør"]
324,3,2,["redaktør"]
301,3,2,["redaktør"]
301,1,1,["redaktør"]
280,1,1,["redaktør"]
280,3,2,["redaktør"]
259,1,1,["redaktør"]
259,3,2,["redaktør"]
325,3,2,["redaktør"]
325,1,1,["redaktør"]
302,1,1,["redaktør"]
302,3,2,["redaktør"]
281,3,2,["redaktør"]
281,1,1,["redaktør"]
260,1,1,["redaktør"]
260,3,2,["redaktør"]
326,1,1,["redaktør"]
326,3,2,["redaktør"]
303,3,2,["redaktør"]
303,1,1,["redaktør"]
282,1,1,["redaktør"]
282,3,2,["redaktør"]
261,1,1,["redaktør"]
261,3,2,["redaktør"]
327,3,2,["redaktør"]
327,1,1,["redaktør"]
304,1,1,["redaktør"]
304,3,2,["redaktør"]
283,1,1,["redaktør"]
283,3,2,["redaktør"]
262,3,2,["redaktør"]
262,1,1,["redaktør"]
328,1,1,["redaktør"]
328,3,2,["redaktør"]
305,3,2,["redaktør"]
305,1,1,["redaktør"]
284,1,1,["redaktør"]
284,3,2,["redaktør"]
263,1,1,["redaktør"]
263,3,2,["redaktør"]
329,1,1,["redaktør"]
329,162,1,["forfatter"]
306,1,1,["redaktør"]
306,3,2,["redaktør"]
285,3,2,["redaktør"]
285,1,1,["redaktør"]
264,1,1,["redaktør"]
264,3,2,["redaktør"]
330,1,1,["redaktør"]
330,3,2,["redaktør"]
307,3,2,["redaktør"]
307,1,1,["redaktør"]
286,1,1,["redaktør"]
286,3,2,["redaktør"]
265,1,1,["redaktør"]
265,3,2,["redaktør"]
331,3,2,["redaktør"]
331,1,1,["redaktør"]
904,527,1,["redaktør"]
1098,547,3,["forfatter"]
1098,546,2,["forfatter"]
1098,545,1,["forfatter"]
1129,8,1,["redaktør"]
1100,661,1,["forfatter"]
1109,565,1,["redaktør"]
977,168,2,["forfatter"]
1054,247,3,["redaktør"]
1054,248,2,["redaktør"]
1054,246,1,["redaktør"]
1058,246,1,["redaktør"]
1058,247,3,["redaktør"]
1058,248,2,["redaktør"]
1107,103,1,["forfatter"]
1107,634,2,["forfatter"]
1077,358,1,["forfatter"]
220,3,2,["redaktør"]
220,1,1,["redaktør"]
570,309,1,["redaktør"]
990,532,2,["redaktør"]
990,531,1,["redaktør"]
990,152,1,["forfatter"]
1005,358,1,["forfatter"]
1130,684,1,["forfatter"]
1130,685,2,["forfatter"]
1168,712,3,["redaktør"]
1168,710,4,["redaktør"]
1131,21,2,["redaktør"]
1172,8,1,["forfatter"]
1131,20,1,["redaktør"]
1132,688,1,["redaktør"]
1132,689,2,["redaktør"]
1132,690,3,["redaktør"]
1133,215,5,["forfatter"]
1133,106,3,["forfatter"]
1133,28,7,["forfatter"]
1133,508,6,["forfatter"]
1133,5,4,["forfatter"]
1133,52,2,["forfatter"]
1133,430,1,["forfatter"]
1134,262,1,["forfatter"]
1135,79,1,["forfatter"]
1136,691,1,["forfatter"]
1137,5,1,["forfatter"]
1138,521,3,["redaktør"]
1138,413,2,["redaktør"]
1138,64,1,["redaktør"]
1139,694,1,["forfatter"]
1140,694,1,["forfatter"]
1141,694,1,["forfatter"]
1142,695,1,["forfatter"]
1143,695,1,["forfatter"]
1144,698,3,["forfatter"]
1144,697,2,["forfatter"]
1144,696,1,["forfatter"]
1145,699,1,["forfatter"]
1146,699,1,["forfatter"]
1147,699,1,["forfatter"]
1148,700,1,["forfatter"]
1149,701,2,["forfatter"]
1149,52,1,["forfatter"]
1150,702,1,["forfatter"]
1151,225,1,["forfatter"]
1152,225,1,["forfatter"]
1153,51,1,["forfatter"]
1154,703,1,["forfatter"]
1155,1,1,["forfatter"]
1156,1,1,["forfatter"]
1157,685,2,["redaktør"]
1157,684,1,["redaktør"]
1158,685,1,["forfatter"]
1158,684,3,["forfatter"]
1158,8,2,["forfatter"]
1351,820,1,["redaktør"]
1351,8,1,["forfatter"]
1160,20,1,["forfatter"]
1160,8,2,["forfatter"]
1161,507,1,["forfatter"]
1162,704,1,["forfatter"]
1163,348,1,["forfatter"]
1164,8,2,["forfatter"]
1164,7,1,["forfatter"]
1165,705,1,["forfatter"]
1173,689,1,["forfatter"]
1167,684,2,["forfatter"]
1167,8,1,["forfatter"]
1168,706,1,["redaktør"]
1170,708,2,["forfatter"]
1170,707,1,["forfatter"]
1171,709,1,["forfatter"]
1174,713,1,["forfatter"]
1175,714,1,["forfatter"]
1176,715,1,["forfatter"]
1177,716,1,["forfatter"]
1178,717,1,["forfatter"]
1179,718,1,["forfatter"]
1179,719,2,["forfatter"]
1179,720,3,["forfatter"]
1180,721,1,["forfatter"]
1181,204,1,["forfatter"]
1182,722,1,["forfatter"]
1183,708,1,["forfatter"]
1184,723,1,["forfatter"]
1185,724,1,["forfatter"]
1186,499,1,["forfatter"]
1187,725,1,["forfatter"]
1188,726,1,["forfatter"]
1189,415,1,["forfatter"]
1190,727,1,["forfatter"]
1191,719,1,["forfatter"]
1192,719,1,["forfatter"]
1193,188,1,["forfatter"]
1194,508,1,["forfatter"]
1195,729,2,["forfatter"]
1196,730,1,["forfatter"]
1197,729,1,["forfatter"]
1197,731,2,["forfatter"]
1198,732,1,["forfatter"]
1198,733,2,["forfatter"]
1199,734,1,["forfatter"]
1200,19,1,["forfatter"]
1201,448,1,["forfatter"]
1202,735,1,["forfatter"]
1202,66,2,["forfatter"]
1203,715,1,["forfatter"]
1204,263,1,["forfatter"]
1205,736,1,["forfatter"]
1206,737,1,["forfatter"]
1207,738,1,["forfatter"]
1208,66,1,["forfatter"]
1208,735,2,["forfatter"]
1209,739,1,["forfatter"]
1210,740,1,["forfatter"]
1211,741,1,["forfatter"]
1212,742,1,["forfatter"]
1213,743,1,["forfatter"]
1214,20,1,["forfatter"]
1215,737,1,["forfatter"]
1216,744,1,["forfatter"]
1217,745,1,["forfatter"]
1218,746,1,["forfatter"]
1219,747,1,["forfatter"]
1220,263,1,["forfatter"]
1220,357,2,["forfatter"]
1221,748,1,["forfatter"]
1222,749,1,["forfatter"]
1223,750,1,["forfatter"]
1224,751,1,["forfatter"]
1225,752,1,["forfatter"]
1226,753,1,["forfatter"]
1227,513,1,["forfatter"]
1228,513,1,["forfatter"]
1229,754,1,["forfatter"]
1230,513,1,["forfatter"]
1231,755,1,["forfatter"]
1232,756,1,["forfatter"]
1233,757,1,["forfatter"]
1234,758,1,["forfatter"]
1235,759,1,["forfatter"]
1236,760,1,["forfatter"]
1237,79,1,["forfatter"]
1238,761,1,["forfatter"]
1239,762,1,["forfatter"]
1240,760,1,["forfatter"]
1241,763,1,["forfatter"]
1242,755,1,["forfatter"]
1243,764,1,["forfatter"]
1244,765,1,["forfatter"]
1245,508,1,["forfatter"]
1246,143,1,["forfatter"]
1247,64,1,["forfatter"]
1248,766,1,["forfatter"]
1249,767,1,["forfatter"]
1250,119,1,["forfatter"]
1251,156,1,["forfatter"]
1252,768,1,["forfatter"]
1253,271,1,["forfatter"]
1254,180,1,["forfatter"]
1279,769,1,["forfatter"]
1280,770,1,["forfatter"]
1281,771,1,["forfatter"]
1282,227,1,["forfatter"]
1283,774,3,["forfatter"]
1283,773,2,["forfatter"]
1283,772,1,["forfatter"]
1284,775,1,["forfatter"]
1285,730,1,["forfatter"]
1286,730,1,["forfatter"]
1287,28,1,["forfatter"]
1298,781,1,["forfatter"]
1287,5,2,["forfatter"]
1288,89,1,["forfatter"]
1289,225,1,["forfatter"]
1290,777,1,["forfatter"]
1291,31,1,["forfatter"]
1292,415,1,["forfatter"]
1293,778,1,["forfatter"]
1294,698,1,["forfatter"]
1295,779,1,["forfatter"]
1296,780,1,["forfatter"]
1297,207,1,["forfatter"]
1299,782,1,["forfatter"]
1300,783,1,["forfatter"]
1301,784,1,["forfatter"]
1302,785,1,["forfatter"]
1303,122,1,["forfatter"]
1304,786,1,["forfatter"]
1305,787,1,["forfatter"]
1305,348,2,["forfatter"]
1306,788,1,["forfatter"]
1307,204,1,["forfatter"]
1308,789,1,["forfatter"]
1309,790,1,["forfatter"]
1310,791,1,["forfatter"]
1311,792,1,["forfatter"]
1312,698,1,["forfatter"]
1313,779,1,["forfatter"]
1314,793,1,["forfatter"]
1315,794,1,["forfatter"]
1316,756,1,["forfatter"]
1317,423,1,["forfatter"]
1318,778,1,["forfatter"]
1319,795,1,["forfatter"]
1320,796,1,["forfatter"]
1321,797,1,["forfatter"]
1322,798,1,["forfatter"]
1323,25,1,["forfatter"]
1324,799,1,["forfatter"]
1325,800,1,["forfatter"]
1326,801,1,["forfatter"]
1327,802,1,["forfatter"]
1328,803,1,["forfatter"]
1329,26,1,["forfatter"]
1330,805,1,["forfatter"]
1331,760,1,["forfatter"]
1332,806,1,["forfatter"]
1333,807,1,["forfatter"]
1334,240,1,["forfatter"]
1336,808,1,["forfatter"]
1337,809,1,["forfatter"]
1338,810,1,["forfatter"]
1335,811,1,["forfatter"]
1339,738,1,["forfatter"]
1340,736,1,["forfatter"]
1341,812,1,["forfatter"]
1342,813,1,["forfatter"]
1343,814,1,["forfatter"]
1344,815,1,["forfatter"]
1345,816,1,["forfatter"]
1346,817,1,["forfatter"]
1347,784,1,["forfatter"]
1348,818,1,["forfatter"]
1349,819,1,["forfatter"]
1350,210,2,["forfatter"]
1350,727,1,["forfatter"]
1352,22,1,["forfatter"]
1353,821,1,["forfatter"]
1354,821,1,["forfatter"]
1355,821,1,["forfatter"]
1356,821,1,["forfatter"]
1357,821,1,["forfatter"]
1358,320,1,["forfatter"]
1358,265,1,["redaktør"]
1358,689,2,["redaktør"]
1359,822,1,["forfatter"]
1359,265,1,["redaktør"]
1359,689,2,["redaktør"]
1360,823,1,["forfatter"]
1360,265,1,["redaktør"]
1360,689,2,["redaktør"]
1361,265,1,["redaktør"]
1361,689,2,["redaktør"]
1362,685,1,["forfatter"]
1362,824,1,["redaktør"]
1363,825,1,["forfatter"]
1363,826,2,["forfatter"]
1363,824,1,["redaktør"]
1364,827,1,["forfatter"]
1364,828,2,["forfatter"]
1364,824,1,["redaktør"]
1365,826,1,["forfatter"]
1365,824,1,["redaktør"]
1366,824,1,["redaktør"]
1367,197,1,["forfatter"]
1367,28,2,["forfatter"]
1368,690,3,["redaktør"]
1368,689,2,["redaktør"]
1368,688,1,["redaktør"]
1369,690,3,["redaktør"]
1369,689,2,["redaktør"]
1369,688,1,["redaktør"]
1369,265,1,["forfatter"]
1370,690,1,["forfatter"]
1370,690,3,["redaktør"]
1370,689,2,["redaktør"]
1370,688,1,["redaktør"]
1371,689,2,["redaktør"]
1371,690,3,["redaktør"]
1371,688,1,["redaktør"]
1371,688,1,["forfatter"]
1372,690,3,["redaktør"]
1372,689,2,["redaktør"]
1372,688,1,["redaktør"]
1372,415,1,["forfatter"]
1373,690,3,["redaktør"]
1373,689,2,["redaktør"]
1373,688,1,["redaktør"]
1373,18,1,["forfatter"]
1374,822,1,["forfatter"]
1374,690,3,["redaktør"]
1374,689,2,["redaktør"]
1374,688,1,["redaktør"]
1375,829,1,["forfatter"]
1375,690,3,["redaktør"]
1375,689,2,["redaktør"]
1375,688,1,["redaktør"]
1376,830,1,["forfatter"]
1376,690,3,["redaktør"]
1376,689,2,["redaktør"]
1376,688,1,["redaktør"]
1377,831,1,["forfatter"]
1377,690,3,["redaktør"]
1377,689,2,["redaktør"]
1377,688,1,["redaktør"]
1378,690,3,["redaktør"]
1378,689,2,["redaktør"]
1378,688,1,["redaktør"]
1378,832,1,["forfatter"]
1379,833,1,["forfatter"]
1379,207,1,["redaktør"]
1380,834,1,["forfatter"]
1380,207,1,["redaktør"]
1381,835,1,["forfatter"]
1381,207,1,["redaktør"]
1382,207,1,["redaktør"]
1383,839,2,["redaktør"]
1383,838,1,["redaktør"]
1383,837,1,["forfatter"]
1384,839,1,["forfatter"]
1384,838,2,["forfatter"]
1385,79,1,["forfatter"]
1385,838,1,["redaktør"]
1385,839,2,["redaktør"]
1386,838,1,["redaktør"]
1386,839,2,["redaktør"]
1386,840,1,["forfatter"]
1387,839,2,["redaktør"]
1387,838,1,["redaktør"]
1387,740,1,["forfatter"]
1388,8,1,["forfatter"]
1388,838,1,["redaktør"]
1388,839,2,["redaktør"]
1389,839,2,["redaktør"]
1389,838,1,["redaktør"]
1389,5,1,["forfatter"]
1390,842,2,["forfatter"]
1390,839,2,["redaktør"]
1390,838,1,["redaktør"]
1390,83,1,["forfatter"]
1391,5,1,["forfatter"]
1391,838,1,["redaktør"]
1391,839,2,["redaktør"]
1392,265,1,["forfatter"]
1392,838,1,["redaktør"]
1392,839,2,["redaktør"]
1393,740,1,["forfatter"]
1393,838,1,["redaktør"]
1393,839,2,["redaktør"]
1394,843,1,["forfatter"]
1394,838,1,["redaktør"]
1394,839,2,["redaktør"]
1395,838,1,["redaktør"]
1395,839,2,["redaktør"]
1395,844,1,["forfatter"]
1396,839,2,["redaktør"]
1396,838,1,["redaktør"]
1396,119,1,["forfatter"]
1397,838,1,["redaktør"]
1397,839,2,["redaktør"]
1397,894,1,["forfatter"]
1398,357,1,["forfatter"]
1398,838,1,["redaktør"]
1398,839,2,["redaktør"]
1399,838,1,["redaktør"]
1399,839,2,["redaktør"]
1399,846,1,["forfatter"]
1400,838,1,["redaktør"]
1400,839,2,["redaktør"]
1400,847,1,["forfatter"]
1401,28,1,["forfatter"]
1401,838,1,["redaktør"]
1401,839,2,["redaktør"]
1402,727,1,["redaktør"]
1403,727,1,["redaktør"]
1404,848,1,["forfatter"]
1405,781,1,["forfatter"]
1406,727,1,["redaktør"]
1407,727,1,["redaktør"]
1408,727,1,["redaktør"]
1409,849,1,["forfatter"]
1410,850,1,["forfatter"]
1411,851,1,["forfatter"]
1412,727,1,["redaktør"]
1413,727,1,["forfatter"]
1413,727,1,["redaktør"]
1414,141,1,["forfatter"]
1415,141,1,["forfatter"]
1416,141,1,["forfatter"]
1417,141,1,["forfatter"]
1418,141,1,["forfatter"]
1419,79,1,["redaktør"]
1419,699,2,["redaktør"]
1420,699,2,["redaktør"]
1420,853,1,["forfatter"]
1421,699,2,["redaktør"]
1421,79,1,["redaktør"]
1422,852,1,["forfatter"]
1422,699,2,["redaktør"]
1422,79,1,["redaktør"]
1428,344,1,["forfatter"]
1427,448,1,["forfatter"]
1426,854,1,["forfatter"]
1429,855,1,["forfatter"]
1431,702,1,["forfatter"]
1430,856,1,["forfatter"]
1431,702,1,["redaktør"]
1432,702,1,["redaktør"]
1432,857,1,["forfatter"]
1421,423,1,["forfatter"]
1420,79,1,["redaktør"]
1433,857,1,["forfatter"]
1433,702,1,["redaktør"]
1434,858,1,["forfatter"]
1434,702,1,["redaktør"]
1435,859,1,["forfatter"]
1435,702,1,["redaktør"]
1436,348,1,["forfatter"]
1436,860,1,["redaktør"]
1437,862,1,["redaktør"]
1437,861,1,["forfatter"]
1438,863,1,["forfatter"]
1439,831,1,["forfatter"]
1440,864,1,["forfatter"]
1441,831,1,["forfatter"]
1442,865,1,["forfatter"]
1443,263,2,["redaktør"]
1443,92,3,["forfatter"]
1443,854,1,["forfatter"]
1444,866,1,["forfatter"]
1444,236,1,["redaktør"]
1445,703,1,["forfatter"]
1446,867,1,["forfatter"]
1446,868,2,["forfatter"]
1446,869,3,["forfatter"]
1446,870,4,["forfatter"]
1446,871,5,["forfatter"]
1447,747,1,["forfatter"]
1448,1,1,["forfatter"]
1448,872,2,["forfatter"]
1448,7,3,["forfatter"]
1448,873,4,["forfatter"]
1449,5,1,["forfatter"]
1449,5,1,["redaktør"]
1450,874,1,["forfatter"]
1452,244,1,["redaktør"]
1452,875,1,["forfatter"]
1453,244,1,["redaktør"]
1453,877,1,["forfatter"]
1453,245,2,["redaktør"]
1454,879,1,["forfatter"]
1455,20,2,["forfatter"]
1455,880,1,["forfatter"]
1456,8,1,["forfatter"]
1457,106,1,["forfatter"]
1458,881,2,["redaktør"]
1458,507,1,["redaktør"]
1459,19,1,["forfatter"]
1460,19,1,["forfatter"]
1461,11,1,["forfatter"]
1462,19,1,["forfatter"]
1463,687,1,["forfatter"]
1464,686,1,["forfatter"]
1465,262,1,["forfatter"]
1466,8,1,["forfatter"]
1458,507,1,["forfatter"]
1467,788,1,["forfatter"]
1468,883,2,["forfatter"]
1468,882,1,["forfatter"]
1469,890,2,["redaktør"]
1470,76,1,["forfatter"]
1471,884,1,["forfatter"]
1472,89,1,["forfatter"]
1473,77,1,["redaktør"]
1474,260,1,["forfatter"]
1475,886,2,["redaktør"]
1475,107,1,["redaktør"]
1476,107,1,["forfatter"]
1477,886,2,["redaktør"]
1477,107,1,["redaktør"]
1477,55,1,["forfatter"]
1478,886,2,["redaktør"]
1478,107,1,["redaktør"]
1478,887,1,["forfatter"]
1484,207,1,["redaktør"]
1484,836,2,["forfatter"]
1484,521,1,["forfatter"]
1480,886,2,["redaktør"]
1480,107,1,["redaktør"]
1480,227,1,["forfatter"]
1481,886,2,["redaktør"]
1481,107,1,["redaktør"]
1481,889,1,["forfatter"]
1482,698,1,["forfatter"]
1483,207,1,["forfatter"]
1483,890,2,["forfatter"]
1474,77,1,["redaktør"]
1474,891,2,["redaktør"]
1474,542,3,["redaktør"]
1473,542,3,["redaktør"]
1473,885,1,["forfatter"]
1473,891,2,["redaktør"]
1470,207,1,["redaktør"]
1470,890,2,["redaktør"]
1469,207,1,["redaktør"]
1469,31,1,["forfatter"]
1468,207,1,["redaktør"]
1468,890,2,["redaktør"]
1466,20,1,["redaktør"]
1466,21,2,["redaktør"]
1465,21,2,["redaktør"]
1465,20,1,["redaktør"]
1464,20,1,["redaktør"]
1464,21,2,["redaktør"]
1463,20,1,["redaktør"]
1463,21,2,["redaktør"]
1462,20,1,["redaktør"]
1462,21,2,["redaktør"]
1461,11,1,["redaktør"]
1461,486,2,["redaktør"]
1456,685,1,["redaktør"]
1456,8,2,["redaktør"]
1456,684,3,["redaktør"]
1455,685,1,["redaktør"]
1455,8,2,["redaktør"]
1455,684,3,["redaktør"]
1454,685,1,["redaktør"]
1454,8,2,["redaktør"]
1454,684,3,["redaktør"]
1450,245,1,["redaktør"]
1442,831,1,["redaktør"]
1441,831,1,["redaktør"]
1440,831,1,["redaktør"]
1426,540,1,["redaktør"]
1426,92,2,["redaktør"]
1417,141,1,["redaktør"]
1416,141,1,["redaktør"]
1415,141,1,["redaktør"]
1412,377,1,["forfatter"]
1411,727,1,["redaktør"]
1410,727,1,["redaktør"]
1409,727,1,["redaktør"]
1408,195,1,["forfatter"]
1407,506,1,["forfatter"]
1406,260,1,["forfatter"]
1405,727,1,["redaktør"]
1404,727,1,["redaktør"]
1403,398,1,["forfatter"]
1357,821,1,["redaktør"]
1356,821,1,["redaktør"]
1355,821,1,["redaktør"]
1354,821,1,["redaktør"]
1352,22,1,["redaktør"]
1141,892,1,["redaktør"]
1141,893,2,["redaktør"]
1443,263,2,["forfatter"]
1443,854,1,["redaktør"]
1443,92,3,["redaktør"]
1418,141,1,["redaktør"]
1195,728,1,["forfatter"]
1485,727,1,["forfatter"]
1486,727,1,["forfatter"]
1487,225,1,["forfatter"]
1488,28,1,["forfatter"]
1489,895,1,["forfatter"]
1490,79,1,["forfatter"]
1491,896,1,["forfatter"]
1493,899,3,["redaktør"]
1493,898,2,["redaktør"]
1493,897,1,["redaktør"]
1493,89,1,["forfatter"]
1494,900,1,["forfatter"]
1495,901,1,["forfatter"]
1496,902,1,["forfatter"]
1497,903,1,["forfatter"]
1498,904,1,["forfatter"]
1499,905,1,["forfatter"]
1500,26,1,["forfatter"]
1501,262,2,["forfatter"]
1501,20,1,["forfatter"]
1502,28,1,["forfatter"]
1504,907,1,["forfatter"]
1505,19,1,["forfatter"]
1506,909,1,["forfatter"]
1507,121,1,["forfatter"]
1508,314,1,["forfatter"]
1509,910,1,["forfatter"]
1509,911,2,["forfatter"]
1510,325,1,["forfatter"]
1511,912,1,["forfatter"]
1511,913,2,["forfatter"]
1511,914,3,["forfatter"]
1512,915,1,["forfatter"]
1513,916,1,["forfatter"]
1514,917,1,["forfatter"]
1515,918,1,["forfatter"]
1516,142,1,["forfatter"]
1516,919,2,["forfatter"]
1517,28,1,["forfatter"]
1517,824,1,["redaktør"]
1518,824,1,["redaktør"]
1518,8,1,["forfatter"]
1519,79,1,["forfatter"]
1519,842,1,["redaktør"]
1519,920,2,["redaktør"]
1520,884,1,["forfatter"]
1520,842,1,["redaktør"]
1520,920,2,["redaktør"]
1521,920,2,["redaktør"]
1521,842,1,["redaktør"]
1521,357,1,["forfatter"]
1522,28,1,["forfatter"]
1522,842,1,["redaktør"]
1522,920,2,["redaktør"]
1523,921,1,["forfatter"]
1523,920,2,["redaktør"]
1523,842,1,["redaktør"]
1524,137,1,["forfatter"]
1524,215,1,["redaktør"]
1524,922,2,["redaktør"]
1525,924,1,["forfatter"]
1525,215,1,["redaktør"]
1525,922,2,["redaktør"]
1526,215,1,["forfatter"]
1526,215,1,["redaktør"]
1526,922,2,["redaktør"]
1527,925,1,["forfatter"]
1527,215,1,["redaktør"]
1527,922,2,["redaktør"]
1528,106,1,["forfatter"]
1528,215,1,["redaktør"]
1528,922,2,["redaktør"]
1529,926,1,["forfatter"]
1529,215,1,["redaktør"]
1529,922,2,["redaktør"]
1530,927,1,["forfatter"]
1530,215,1,["redaktør"]
1530,922,2,["redaktør"]
1531,5,1,["forfatter"]
1531,215,1,["redaktør"]
1531,922,2,["redaktør"]
1532,928,1,["forfatter"]
1532,215,1,["redaktør"]
1532,922,2,["redaktør"]
1533,822,1,["forfatter"]
1533,215,1,["redaktør"]
1533,922,2,["redaktør"]
1534,929,1,["forfatter"]
1535,930,1,["forfatter"]
1536,931,1,["forfatter"]
1537,753,1,["forfatter"]
1538,932,1,["forfatter"]
1539,727,1,["forfatter"]
1540,933,1,["forfatter"]
1541,64,1,["forfatter"]
1542,481,1,["forfatter"]
1543,934,1,["forfatter"]
1544,935,1,["forfatter"]
1545,936,1,["forfatter"]
1546,937,1,["forfatter"]
1547,938,1,["forfatter"]
1548,882,1,["forfatter"]
1548,89,2,["forfatter"]
1549,939,1,["forfatter"]
1549,704,2,["forfatter"]
1549,940,3,["forfatter"]
1550,186,1,["forfatter"]
1551,186,1,["forfatter"]
1552,941,1,["forfatter"]
1553,28,1,["forfatter"]
1554,21,2,["redaktør"]
1554,20,1,["redaktør"]
1554,21,1,["forfatter"]
1557,943,1,["forfatter"]
1559,944,1,["forfatter"]
1555,942,1,["forfatter"]
1561,945,1,["forfatter"]
1562,946,1,["forfatter"]
1563,947,1,["forfatter"]
1564,948,1,["forfatter"]
1565,949,1,["forfatter"]
1566,752,1,["forfatter"]
1567,950,1,["forfatter"]
1568,951,1,["forfatter"]
1569,952,1,["forfatter"]
1570,953,1,["forfatter"]
1571,186,1,["forfatter"]
1572,954,1,["forfatter"]
1573,955,1,["forfatter"]
1576,956,2,["forfatter"]
1575,5,1,["forfatter"]
1576,227,1,["forfatter"]
1577,957,1,["forfatter"]
1578,28,1,["redaktør"]
1578,954,2,["redaktør"]
1648,272,1,["forfatter"]
1587,959,1,["forfatter"]
1586,71,1,["forfatter"]
1580,954,1,["forfatter"]
1588,960,1,["forfatter"]
1589,961,1,["forfatter"]
1598,970,1,["forfatter"]
1597,969,1,["forfatter"]
1590,97,1,["forfatter"]
1592,965,2,["forfatter"]
1592,79,1,["forfatter"]
1591,964,1,["forfatter"]
1593,204,1,["forfatter"]
1594,966,1,["forfatter"]
1595,967,1,["forfatter"]
1596,968,1,["forfatter"]
1599,971,1,["forfatter"]
1600,972,1,["forfatter"]
1601,973,1,["forfatter"]
1602,20,4,["forfatter"]
1602,262,3,["forfatter"]
1602,684,2,["forfatter"]
1602,8,1,["forfatter"]
1603,974,1,["forfatter"]
1620,999,3,["redaktør"]
1605,975,1,["forfatter"]
1605,976,1,["redaktør"]
1605,977,2,["redaktør"]
1606,978,1,["forfatter"]
1607,981,2,["redaktør"]
1607,980,1,["redaktør"]
1607,979,1,["forfatter"]
1608,983,1,["redaktør"]
1608,982,1,["forfatter"]
1609,986,2,["redaktør"]
1609,985,1,["redaktør"]
1609,984,1,["forfatter"]
1610,987,1,["forfatter"]
1611,988,1,["forfatter"]
1620,998,2,["redaktør"]
1620,997,1,["redaktør"]
1613,991,1,["forfatter"]
1620,55,1,["forfatter"]
1615,992,1,["forfatter"]
1616,993,1,["forfatter"]
1617,994,1,["forfatter"]
1618,995,1,["forfatter"]
1619,734,1,["forfatter"]
1621,699,1,["forfatter"]
1622,29,1,["forfatter"]
1623,227,1,["forfatter"]
1624,204,1,["forfatter"]
1625,1000,1,["forfatter"]
1626,1001,1,["forfatter"]
1627,1002,1,["forfatter"]
1628,19,1,["forfatter"]
1629,21,2,["forfatter"]
1629,1003,1,["forfatter"]
1630,1004,1,["forfatter"]
1630,1005,2,["forfatter"]
1631,1006,1,["forfatter"]
1632,79,1,["forfatter"]
1633,20,1,["forfatter"]
1633,1007,2,["forfatter"]
1634,195,1,["forfatter"]
1637,1009,1,["redaktør"]
1637,1008,1,["forfatter"]
1638,906,1,["forfatter"]
1639,1010,1,["forfatter"]
1640,1011,1,["forfatter"]
1641,1013,2,["forfatter"]
1641,1012,1,["forfatter"]
1642,272,1,["forfatter"]
1643,1014,1,["forfatter"]
1644,1015,1,["forfatter"]
1644,777,2,["forfatter"]
1645,1016,1,["forfatter"]
1646,1017,1,["forfatter"]
1647,782,1,["forfatter"]
1648,1018,2,["forfatter"]
1648,737,3,["forfatter"]
1648,1019,4,["forfatter"]
1649,1021,1,["forfatter"]
1650,1013,1,["forfatter"]
1651,1010,1,["forfatter"]
1651,1022,2,["forfatter"]
1651,1023,3,["forfatter"]
1652,1024,1,["forfatter"]
1653,1014,2,["forfatter"]
1653,777,1,["forfatter"]
1653,28,3,["forfatter"]
1654,1025,1,["forfatter"]
1655,1026,1,["forfatter"]
1656,1027,1,["forfatter"]
1657,1019,1,["forfatter"]
1658,727,1,["forfatter"]
1659,1028,1,["forfatter"]
1660,1030,2,["forfatter"]
1660,1029,1,["forfatter"]
1661,1033,3,["forfatter"]
1661,1032,2,["forfatter"]
1661,1031,1,["forfatter"]
1662,1034,1,["forfatter"]
1663,1035,2,["forfatter"]
1663,1031,1,["forfatter"]
1664,1038,4,["forfatter"]
1664,1036,1,["forfatter"]
1664,1036,1,["redaktør"]
1664,1039,5,["forfatter"]
1664,1040,6,["forfatter"]
1664,1048,17,["forfatter"]
1664,1041,7,["forfatter"]
1664,1042,8,["forfatter"]
1664,1043,9,["forfatter"]
1664,207,2,["forfatter"]
1664,227,10,["forfatter"]
1664,1044,11,["forfatter"]
1664,430,15,["forfatter"]
1664,1045,12,["forfatter"]
1664,1037,3,["forfatter"]
1664,28,13,["forfatter"]
1664,1049,18,["forfatter"]
1664,1046,14,["forfatter"]
1664,1047,16,["forfatter"]
1665,1019,1,["forfatter"]
1666,1050,1,["forfatter"]
1667,1052,2,["forfatter"]
1667,1051,1,["forfatter"]
1668,262,2,["redaktør"]
1668,964,1,["redaktør"]
1668,788,11,["forfatter"]
1668,1058,10,["forfatter"]
1668,978,9,["forfatter"]
1668,1057,8,["forfatter"]
1668,932,7,["forfatter"]
1668,1056,6,["forfatter"]
1668,1055,5,["forfatter"]
1668,28,4,["forfatter"]
1668,1054,3,["forfatter"]
1668,262,2,["forfatter"]
1668,964,1,["forfatter"]
1669,1059,1,["forfatter"]
1670,1063,1,["forfatter"]
1670,1061,2,["forfatter"]
1670,1062,3,["forfatter"]
1670,1064,4,["forfatter"]
1671,1032,1,["forfatter"]
1672,984,1,["forfatter"]
1673,1065,1,["forfatter"]
1674,921,1,["forfatter"]
1674,28,2,["forfatter"]
1675,1037,2,["forfatter"]
1675,430,1,["forfatter"]
1676,1066,1,["forfatter"]
1677,37,1,["forfatter"]
